elapsed_ms,rgb_frame_number,rgb_timestamp_ms,depth_frame_number,depth_timestamp_ms,rgb_gyro_timestamp_ms,rgb_accel_timestamp_ms,depth_gyro_timestamp_ms,depth_accel_timestamp_ms,rgb_gyro_delta_ms,rgb_accel_delta_ms,depth_gyro_delta_ms,depth_accel_delta_ms,gyro_count,accel_count
171.636,4,1789725857066.592,2,1789725856580.070,1789725857066.639,1789725857066.304,1789725857009.154,1789725857009.527,-0.047,0.287,-429.083,-429.457,3194,1626
224.037,5,1789725857134.479,0,1789725857134.429,1789725857133.651,1789725857132.454,1789725857133.651,1789725857132.454,0.828,2.024,0.778,1.975,3215,1636
291.063,6,1789725857202.503,1,1789725857202.454,1789725857202.655,1789725857203.089,1789725857202.655,1789725857203.089,-0.152,-0.586,-0.201,-0.636,3242,1650
357.018,7,1789725857269.989,2,1789725857269.939,1789725857271.017,1789725857268.075,1789725857271.017,1789725857268.075,-1.028,1.913,-1.078,1.864,3268,1663
426.256,8,1789725857337.230,3,1789725857337.181,1789725857336.303,1789725857337.480,1789725857336.303,1789725857337.480,0.928,-0.249,0.878,-0.299,3295,1677
505.559,9,1789725857404.305,3,1789725857337.181,1789725857405.519,1789725857403.297,1789725857336.303,1789725857337.480,-1.214,1.008,0.878,-0.299,3327,1693
555.861,10,1789725857471.349,5,1789725857471.300,1789725857472.108,1789725857469.059,1789725857472.108,1789725857469.059,-0.759,2.290,-0.808,2.241,3347,1703
625.659,11,1789725857538.346,6,1789725857538.296,1789725857537.924,1789725857539.026,1789725857537.924,1789725857539.026,0.422,-0.681,0.372,-0.731,3375,1717
690.976,12,1789725857605.310,7,1789725857605.260,1789725857605.894,1789725857603.640,1789725857605.894,1789725857603.640,-0.585,1.669,-0.634,1.620,3401,1731
758.855,13,1789725857672.172,8,1789725857672.123,1789725857670.929,1789725857672.776,1789725857670.929,1789725857672.776,1.243,-0.604,1.194,-0.653,3428,1744
818.763,14,1789725857738.945,9,1789725857738.896,1789725857738.193,1789725857736.710,1789725857738.193,1789725857736.710,0.751,2.234,0.702,2.185,3452,1756
891.443,15,1789725857805.672,10,1789725857805.623,1789725857805.156,1789725857805.256,1789725857805.156,1789725857805.256,0.516,0.416,0.467,0.367,3481,1771
958.653,16,1789725857872.351,11,1789725857872.302,1789725857871.955,1789725857873.628,1789725857871.955,1789725857873.628,0.396,-1.277,0.347,-1.326,3508,1785
1025.826,17,1789725857938.979,12,1789725857938.930,1789725857938.521,1789725857936.899,1789725857938.521,1789725857936.899,0.458,2.080,0.409,2.031,3535,1798
1092.695,18,1789725858005.561,13,1789725858005.512,1789725858004.961,1789725858004.918,1789725858004.961,1789725858004.918,0.600,0.643,0.551,0.594,3561,1812
1159.306,19,1789725858072.097,14,1789725858072.047,1789725858071.314,1789725858072.842,1789725858071.314,1789725858072.842,0.783,-0.745,0.733,-0.794,3588,1825
1225.095,20,1789725858138.586,15,1789725858138.538,1789725858137.503,1789725858140.600,1789725858137.503,1789725858140.600,1.083,-2.013,1.034,-2.062,3614,1839
1305.418,21,1789725858205.030,15,1789725858138.538,1789725858206.200,1789725858203.568,1789725858137.503,1789725858140.600,-1.171,1.461,1.034,-2.062,3646,1855
1360.287,22,1789725858271.427,17,1789725858271.378,1789725858272.315,1789725858271.247,1789725858272.315,1789725858271.247,-0.888,0.180,-0.937,0.131,3668,1866
1425.284,23,1789725858337.777,18,1789725858337.729,1789725858338.431,1789725858338.927,1789725858338.431,1789725858338.927,-0.653,-1.150,-0.702,-1.198,3694,1879
1492.061,24,1789725858404.082,19,1789725858404.033,1789725858404.550,1789725858401.778,1789725858404.550,1789725858401.778,-0.468,2.304,-0.517,2.256,3721,1892
1558.984,25,1789725858470.340,20,1789725858470.292,1789725858470.591,1789725858469.389,1789725858470.591,1789725858469.389,-0.250,0.951,-0.299,0.902,3748,1906
1625.007,26,1789725858536.552,21,1789725858536.504,1789725858536.452,1789725858536.810,1789725858536.452,1789725858536.810,0.100,-0.258,0.052,-0.307,3774,1919
1691.431,27,1789725858602.719,22,1789725858602.670,1789725858602.135,1789725858604.044,1789725858602.135,1789725858604.044,0.584,-1.325,0.535,-1.375,3800,1933
1759.194,28,1789725858668.839,23,1789725858668.791,1789725858667.639,1789725858671.090,1789725858667.639,1789725858671.090,1.200,-2.251,1.151,-2.300,3827,1946
1825.982,29,1789725858734.913,24,1789725858734.864,1789725858735.380,1789725858733.183,1789725858735.380,1789725858733.183,-0.467,1.729,-0.516,1.681,3854,1960
1892.429,30,1789725858800.940,25,1789725858800.892,1789725858800.519,1789725858799.872,1789725858800.519,1789725858799.872,0.421,1.068,0.373,1.020,3880,1973
1959.256,31,1789725858866.932,26,1789725858866.883,1789725858867.883,1789725858866.376,1789725858867.883,1789725858866.376,-0.951,0.556,-1.000,0.507,3907,1987
2025.883,32,1789725858933.573,27,1789725858933.524,1789725858932.657,1789725858932.692,1789725858932.657,1789725858932.692,0.917,0.881,0.867,0.832,3934,2000
2094.278,33,1789725859000.211,28,1789725859000.162,1789725858999.643,1789725858998.820,1789725858999.643,1789725858998.820,0.568,1.391,0.519,1.342,3961,2014
2160.035,34,1789725859066.844,29,1789725859066.796,1789725859066.435,1789725859064.760,1789725859066.435,1789725859064.760,0.409,2.084,0.360,2.036,3987,2027
2226.102,35,1789725859133.475,30,1789725859133.425,1789725859133.035,1789725859135.203,1789725859133.035,1789725859135.203,0.439,-1.728,0.390,-1.778,4014,2041
2293.396,36,1789725859200.100,31,1789725859200.051,1789725859199.444,1789725859200.756,1789725859199.444,1789725859200.756,0.656,-0.656,0.607,-0.705,4040,2054
2359.233,37,1789725859266.721,32,1789725859266.672,1789725859265.659,1789725859266.120,1789725859265.659,1789725859266.120,1.062,0.601,1.013,0.552,4067,2068
2426.799,38,1789725859333.338,33,1789725859333.289,1789725859332.351,1789725859331.938,1789725859332.351,1789725859331.938,0.987,1.399,0.938,1.351,4094,2081
2492.888,39,1789725859399.951,34,1789725859399.902,1789725859399.754,1789725859400.937,1789725859399.754,1789725859400.937,0.197,-0.986,0.148,-1.035,4120,2095
2560.077,40,1789725859466.559,35,1789725859466.510,1789725859467.183,1789725859465.029,1789725859467.183,1789725859465.029,-0.623,1.531,-0.672,1.482,4147,2108
2626.260,41,1789725859533.164,36,1789725859533.115,1789725859532.129,1789725859534.062,1789725859532.129,1789725859534.062,1.035,-0.899,0.986,-0.948,4173,2122
2692.879,42,1789725859599.764,37,1789725859599.715,1789725859599.589,1789725859598.181,1789725859599.589,1789725859598.181,0.175,1.583,0.126,1.534,4200,2135
2760.088,43,1789725859666.361,38,1789725859666.311,1789725859667.064,1789725859667.253,1789725859667.064,1789725859667.253,-0.703,-0.892,-0.753,-0.942,4227,2149
2826.289,44,1789725859732.953,39,1789725859732.904,1789725859732.058,1789725859731.410,1789725859732.058,1789725859731.410,0.895,1.543,0.846,1.494,4253,2162
2893.230,45,1789725859799.541,40,1789725859799.492,1789725859799.565,1789725859800.512,1789725859799.565,1789725859800.512,-0.024,-0.971,-0.073,-1.020,4280,2176
2960.080,46,1789725859866.125,41,1789725859866.077,1789725859867.090,1789725859864.694,1789725859867.090,1789725859864.694,-0.964,1.431,-1.013,1.383,4306,2189
3026.617,47,1789725859932.742,42,1789725859932.693,1789725859932.128,1789725859933.826,1789725859932.128,1789725859933.826,0.614,-1.084,0.564,-1.133,4333,2203
3093.191,48,1789725859999.354,43,1789725859999.305,1789725859999.685,1789725859998.031,1789725859999.685,1789725859998.031,-0.330,1.323,-0.379,1.274,4360,2216
3161.766,49,1789725860065.963,44,1789725860065.914,1789725860064.754,1789725860067.194,1789725860064.754,1789725860067.194,1.209,-1.232,1.160,-1.281,4387,2230
3227.439,50,1789725860132.567,45,1789725860132.518,1789725860132.342,1789725860131.430,1789725860132.342,1789725860131.430,0.225,1.137,0.176,1.088,4413,2243
3294.998,51,1789725860199.169,46,1789725860199.119,1789725860199.946,1789725860200.624,1789725860199.946,1789725860200.624,-0.777,-1.455,-0.827,-1.505,4440,2257
3361.193,52,1789725860265.766,47,1789725860265.717,1789725860265.062,1789725860264.894,1789725860265.062,1789725860264.894,0.704,0.872,0.655,0.823,4467,2270
3428.152,53,1789725860332.359,48,1789725860332.310,1789725860332.697,1789725860334.117,1789725860332.697,1789725860334.117,-0.338,-1.759,-0.387,-1.808,4493,2284
3494.244,54,1789725860398.948,49,1789725860398.899,1789725860400.145,1789725860398.232,1789725860400.145,1789725860398.232,-1.197,0.715,-1.246,0.667,4520,2297
3561.187,55,1789725860465.533,50,1789725860465.484,1789725860465.137,1789725860467.323,1789725860465.137,1789725860467.323,0.396,-1.790,0.347,-1.839,4546,2311
3626.968,56,1789725860532.114,51,1789725860532.065,1789725860532.635,1789725860531.482,1789725860532.635,1789725860531.482,-0.521,0.632,-0.570,0.583,4573,2324
3694.368,57,1789725860598.691,52,1789725860598.642,1789725860597.640,1789725860600.584,1789725860597.640,1789725860600.584,1.052,-1.893,1.003,-1.942,4599,2337
3761.278,58,1789725860665.265,53,1789725860665.216,1789725860665.149,1789725860664.757,1789725860665.149,1789725860664.757,0.116,0.508,0.067,0.459,4626,2351
3828.300,59,1789725860731.835,54,1789725860731.785,1789725860732.664,1789725860733.873,1789725860732.664,1789725860733.873,-0.829,-2.038,-0.879,-2.087,4653,2365
3894.223,60,1789725860798.401,55,1789725860798.352,1789725860797.686,1789725860798.056,1789725860797.686,1789725860798.056,0.715,0.345,0.666,0.296,4679,2378
3961.396,61,1789725860864.964,56,1789725860864.915,1789725860865.213,1789725860867.186,1789725860865.213,1789725860867.186,-0.250,-2.222,-0.299,-2.271,4706,2391
4027.971,62,1789725860931.620,57,1789725860931.571,1789725860932.747,1789725860931.384,1789725860932.747,1789725860931.384,-1.127,0.236,-1.176,0.188,4732,2405
4094.625,63,1789725860998.276,58,1789725860998.227,1789725860997.784,1789725861000.525,1789725860997.784,1789725861000.525,0.492,-2.250,0.443,-2.299,4759,2418
4160.663,64,1789725861064.931,59,1789725861064.882,1789725861065.329,1789725861064.738,1789725861065.329,1789725861064.738,-0.398,0.193,-0.447,0.144,4785,2432
4226.869,65,1789725861131.586,60,1789725861131.537,1789725861130.378,1789725861133.891,1789725861130.378,1789725861133.891,1.208,-2.305,1.159,-2.354,4812,2445
4294.032,66,1789725861198.240,61,1789725861198.191,1789725861197.936,1789725861198.108,1789725861197.936,1789725861198.108,0.305,0.132,0.256,0.083,4839,2459
4363.453,67,1789725861264.895,62,1789725861264.845,1789725861265.498,1789725861267.273,1789725861265.498,1789725861267.273,-0.603,-2.378,-0.653,-2.428,4866,2472
4428.138,68,1789725861331.548,63,1789725861331.499,1789725861330.564,1789725861331.507,1789725861330.564,1789725861331.507,0.984,0.041,0.935,-0.008,4892,2486
4495.348,69,1789725861398.201,64,1789725861398.152,1789725861397.928,1789725861400.466,1789725861397.928,1789725861400.466,0.272,-2.265,0.223,-2.314,4919,2499
4561.374,70,1789725861464.853,65,1789725861464.804,1789725861465.549,1789725861464.737,1789725861465.549,1789725861464.737,-0.696,0.116,-0.745,0.068,4945,2513
4628.312,71,1789725861531.505,66,1789725861531.456,1789725861532.371,1789725861530.700,1789725861532.371,1789725861530.700,-0.866,0.805,-0.915,0.756,4972,2526
4695.171,72,1789725861598.156,67,1789725861598.107,1789725861599.256,1789725861596.725,1789725861599.256,1789725861596.725,-1.101,1.430,-1.149,1.382,4999,2540
4762.497,73,1789725861664.806,68,1789725861664.758,1789725861663.631,1789725861662.812,1789725861663.631,1789725861662.812,1.175,1.994,1.126,1.946,5026,2553
4828.543,74,1789725861731.457,69,1789725861731.408,1789725861730.644,1789725861728.962,1789725861730.644,1789725861728.962,0.812,2.494,0.764,2.446,5052,2567
4895.482,75,1789725861798.107,70,1789725861798.057,1789725861797.720,1789725861800.270,1789725861797.720,1789725861800.270,0.387,-2.163,0.337,-2.213,5078,2580
4962.178,76,1789725861864.756,71,1789725861864.707,1789725861864.863,1789725861866.553,1789725861864.863,1789725861866.553,-0.106,-1.797,-0.156,-1.846,5105,2594
5028.485,77,1789725861931.446,72,1789725861931.396,1789725861932.068,1789725861932.901,1789725861932.068,1789725861932.901,-0.622,-1.456,-0.671,-1.505,5132,2607
5095.281,78,1789725861998.135,73,1789725861998.087,1789725861999.338,1789725861999.308,1789725861999.338,1789725861999.308,-1.203,-1.173,-1.252,-1.222,5158,2621
5162.352,79,1789725862064.826,74,1789725862064.777,1789725862064.082,1789725862065.779,1789725862064.082,1789725862065.779,0.744,-0.953,0.695,-1.002,5185,2634
5229.685,80,1789725862131.518,75,1789725862131.469,1789725862131.478,1789725862132.315,1789725862131.478,1789725862132.315,0.040,-0.797,-0.009,-0.846,5212,2648
5295.967,81,1789725862198.210,76,1789725862198.161,1789725862198.938,1789725862198.917,1789725862198.938,1789725862198.917,-0.728,-0.706,-0.777,-0.755,5238,2661
5363.381,82,1789725862264.903,77,1789725862264.854,1789725862263.866,1789725862265.583,1789725862263.866,1789725862265.583,1.037,-0.680,0.988,-0.729,5265,2675
5429.562,83,1789725862331.598,78,1789725862331.548,1789725862331.453,1789725862332.313,1789725862331.453,1789725862332.313,0.145,-0.716,0.095,-0.765,5292,2688
5497.053,84,1789725862398.292,79,1789725862398.243,1789725862399.105,1789725862399.105,1789725862399.105,1789725862399.105,-0.813,-0.813,-0.862,-0.862,5318,2702
5576.176,85,1789725862464.987,79,1789725862398.243,1789725862464.216,1789725862465.956,1789725862399.105,1789725862399.105,0.771,-0.969,-0.862,-0.862,5350,2718
5629.868,86,1789725862531.683,81,1789725862531.634,1789725862532.755,1789725862531.092,1789725862532.755,1789725862531.092,-1.072,0.591,-1.121,0.542,5371,2729
5696.442,87,1789725862598.380,82,1789725862598.331,1789725862597.795,1789725862600.241,1789725862597.795,1789725862600.241,0.585,-1.862,0.536,-1.911,5398,2742
5763.313,88,1789725862665.077,83,1789725862665.028,1789725862665.332,1789725862664.452,1789725862665.332,1789725862664.452,-0.255,0.625,-0.304,0.576,5425,2756
5829.797,89,1789725862731.775,84,1789725862731.726,1789725862732.868,1789725862733.599,1789725862732.868,1789725862733.599,-1.093,-1.824,-1.141,-1.873,5451,2769
5895.984,90,1789725862798.474,85,1789725862798.425,1789725862797.900,1789725862797.802,1789725862797.900,1789725862797.802,0.573,0.672,0.525,0.623,5478,2782
5963.019,91,1789725862865.174,86,1789725862865.124,1789725862865.432,1789725862866.939,1789725862865.432,1789725862866.939,-0.259,-1.765,-0.309,-1.815,5505,2796
6030.001,92,1789725862931.871,87,1789725862931.822,1789725862932.961,1789725862931.137,1789725862932.961,1789725862931.137,-1.090,0.733,-1.139,0.684,5531,2809
6096.674,93,1789725862998.568,88,1789725862998.519,1789725862997.987,1789725863000.268,1789725862997.987,1789725863000.268,0.581,-1.700,0.532,-1.749,5558,2823
6163.129,94,1789725863065.266,89,1789725863065.217,1789725863065.511,1789725863064.459,1789725863065.511,1789725863064.459,-0.245,0.807,-0.294,0.758,5584,2836
6229.929,95,1789725863131.965,90,1789725863131.916,1789725863133.034,1789725863133.585,1789725863133.034,1789725863133.585,-1.069,-1.620,-1.118,-1.669,5611,2850
6296.477,96,1789725863198.664,91,1789725863198.615,1789725863198.053,1789725863197.772,1789725863198.053,1789725863197.772,0.611,0.892,0.562,0.843,5637,2863
6362.303,97,1789725863265.364,92,1789725863265.315,1789725863265.571,1789725863266.899,1789725863265.571,1789725863266.899,-0.207,-1.534,-0.255,-1.583,5664,2877
6430.014,98,1789725863332.065,93,1789725863332.016,1789725863333.086,1789725863331.088,1789725863333.086,1789725863331.088,-1.021,0.978,-1.070,0.928,5691,2890
6496.299,99,1789725863398.768,94,1789725863398.718,1789725863398.099,1789725863400.214,1789725863398.099,1789725863400.214,0.669,-1.447,0.619,-1.497,5717,2904
6562.701,100,1789725863465.469,95,1789725863465.421,1789725863465.610,1789725863464.397,1789725863465.610,1789725863464.397,-0.141,1.072,-0.190,1.023,5744,2917
6630.725,101,1789725863532.172,96,1789725863532.123,1789725863533.127,1789725863533.524,1789725863533.127,1789725863533.524,-0.955,-1.352,-1.004,-1.401,5771,2931
6696.452,102,1789725863598.876,97,1789725863598.827,1789725863597.954,1789725863597.526,1789725863597.954,1789725863597.526,0.922,1.350,0.873,1.301,5797,2944
6763.172,103,1789725863665.580,98,1789725863665.531,1789725863665.262,1789725863666.441,1789725863665.262,1789725863666.441,0.318,-0.861,0.269,-0.910,5824,2958
6829.801,104,1789725863732.284,99,1789725863732.235,1789725863732.556,1789725863730.419,1789725863732.556,1789725863730.419,-0.271,1.865,-0.321,1.816,5850,2971
6896.623,105,1789725863798.990,100,1789725863798.941,1789725863799.839,1789725863799.306,1789725863799.839,1789725863799.306,-0.849,-0.316,-0.898,-0.365,5877,2985
6963.403,106,1789725863865.695,101,1789725863865.646,1789725863864.616,1789725863863.260,1789725863864.616,1789725863863.260,1.079,2.436,1.030,2.387,5903,2998
7030.007,107,1789725863932.416,102,1789725863932.366,1789725863931.874,1789725863932.121,1789725863931.874,1789725863932.121,0.542,0.294,0.492,0.244,5930,3012
7096.726,108,1789725863999.136,103,1789725863999.087,1789725863999.119,1789725864000.965,1789725863999.119,1789725864000.965,0.017,-1.829,-0.032,-1.878,5957,3025
7163.178,109,1789725864065.857,104,1789725864065.809,1789725864066.352,1789725864064.883,1789725864066.352,1789725864064.883,-0.494,0.975,-0.543,0.926,5983,3038
7230.218,110,1789725864132.580,105,1789725864132.531,1789725864133.571,1789725864133.705,1789725864133.571,1789725864133.705,-0.991,-1.125,-1.040,-1.174,6010,3052
7296.314,111,1789725864199.303,106,1789725864199.254,1789725864198.289,1789725864197.604,1789725864198.289,1789725864197.604,1.014,1.699,0.965,1.650,6036,3065
7363.523,112,1789725864266.028,107,1789725864265.979,1789725864265.483,1789725864266.406,1789725864265.483,1789725864266.406,0.544,-0.378,0.495,-0.427,6063,3079
7429.951,113,1789725864332.753,108,1789725864332.704,1789725864332.666,1789725864335.190,1789725864332.666,1789725864330.278,0.087,-2.437,0.038,2.426,6090,3092
7496.673,114,1789725864399.479,109,1789725864399.430,1789725864399.836,1789725864399.051,1789725864399.836,1789725864399.051,-0.357,0.428,-0.406,0.379,6116,3106
7563.440,115,1789725864466.207,110,1789725864466.157,1789725864466.993,1789725864467.809,1789725864466.993,1789725864467.809,-0.786,-1.602,-0.836,-1.652,6143,3119
7630.256,116,1789725864532.935,111,1789725864532.886,1789725864531.811,1789725864531.805,1789725864531.811,1789725864531.805,1.125,1.130,1.075,1.081,6170,3133
7697.229,117,1789725864599.664,112,1789725864599.615,1789725864599.256,1789725864600.856,1789725864599.256,1789725864600.856,0.408,-1.192,0.359,-1.241,6196,3146
7764.079,118,1789725864666.394,113,1789725864666.345,1789725864666.694,1789725864664.975,1789725864666.694,1789725864664.975,-0.300,1.420,-0.349,1.371,6223,3160
7830.329,119,1789725864733.125,114,1789725864733.076,1789725864734.126,1789725864734.018,1789725864734.126,1789725864734.018,-1.001,-0.892,-1.050,-0.941,6249,3173
7896.642,120,1789725864799.857,115,1789725864799.808,1789725864799.053,1789725864798.123,1789725864799.053,1789725864798.123,0.804,1.735,0.755,1.686,6276,3187
7963.639,121,1789725864866.589,116,1789725864866.540,1789725864866.472,1789725864867.149,1789725864866.472,1789725864867.149,0.117,-0.560,0.068,-0.609,6303,3200
8030.517,122,1789725864933.453,117,1789725864933.404,1789725864933.884,1789725864931.238,1789725864933.884,1789725864931.238,-0.431,2.215,-0.480,2.166,6329,3214
8096.516,123,1789725865000.325,118,1789725865000.275,1789725865001.289,1789725865000.248,1789725865001.289,1789725865000.248,-0.964,0.077,-1.014,0.027,6356,3227
8164.200,124,1789725865067.204,119,1789725865067.155,1789725865066.192,1789725865069.255,1789725865066.192,1789725865069.255,1.012,-2.051,0.963,-2.100,6382,3241
8231.323,125,1789725865134.091,120,1789725865134.042,1789725865133.583,1789725865133.324,1789725865133.583,1789725865133.324,0.508,0.767,0.458,0.717,6409,3254
8298.006,126,1789725865200.985,121,1789725865200.936,1789725865200.969,1789725865202.312,1789725865200.969,1789725865202.312,0.016,-1.327,-0.033,-1.376,6436,3268
8364.589,127,1789725865267.887,122,1789725865267.838,1789725865268.348,1789725865266.368,1789725865268.348,1789725865266.368,-0.460,1.520,-0.510,1.470,6463,3281
8431.248,128,1789725865334.797,123,1789725865334.748,1789725865335.720,1789725865335.344,1789725865335.720,1789725865335.344,-0.923,-0.547,-0.972,-0.596,6489,3295
8497.807,129,1789725865401.715,124,1789725865401.666,1789725865400.591,1789725865399.391,1789725865400.591,1789725865399.391,1.124,2.324,1.075,2.275,6516,3308
8564.189,130,1789725865468.641,125,1789725865468.592,1789725865467.950,1789725865468.353,1789725865467.950,1789725865468.353,0.690,0.288,0.641,0.239,6542,3322
8631.495,131,1789725865535.575,126,1789725865535.525,1789725865535.405,1789725865537.424,1789725865535.405,1789725865537.424,0.170,-1.849,0.120,-1.899,6569,3335
8698.292,132,1789725865602.516,127,1789725865602.467,1789725865603.162,1789725865601.840,1789725865603.162,1789725865601.840,-0.646,0.676,-0.696,0.627,6596,3348
8764.185,133,1789725865669.465,128,1789725865669.415,1789725865668.416,1789725865671.217,1789725865668.416,1789725865671.217,1.049,-1.752,1.000,-1.802,6622,3362
8831.482,134,1789725865736.421,129,1789725865736.372,1789725865736.186,1789725865735.646,1789725865736.186,1789725865735.646,0.235,0.775,0.186,0.726,6649,3376
8898.757,135,1789725865803.385,130,1789725865803.336,1789725865803.961,1789725865805.037,1789725865803.961,1789725865805.037,-0.576,-1.652,-0.625,-1.701,6676,3389
8964.818,136,1789725865870.354,131,1789725865870.304,1789725865869.234,1789725865869.482,1789725865869.234,1789725865869.482,1.119,0.872,1.070,0.823,6702,3402
9032.604,137,1789725865937.072,132,1789725865937.023,1789725865937.025,1789725865938.887,1789725865937.025,1789725865938.887,0.047,-1.815,-0.002,-1.864,6729,3416
9098.688,138,1789725866003.791,133,1789725866003.741,1789725866004.822,1789725866003.343,1789725866004.822,1789725866003.343,-1.031,0.448,-1.081,0.399,6755,3429
9165.475,139,1789725866070.510,134,1789725866070.460,1789725866070.115,1789725866072.756,1789725866070.115,1789725866072.756,0.396,-2.246,0.345,-2.296,6782,3443
9231.642,140,1789725866137.229,135,1789725866137.180,1789725866137.925,1789725866137.216,1789725866137.925,1789725866137.216,-0.697,0.013,-0.746,-0.036,6808,3456
9298.478,141,1789725866203.948,136,1789725866203.898,1789725866203.231,1789725866201.683,1789725866203.231,1789725866201.683,0.717,2.265,0.668,2.216,6835,3470
9360.408,142,1789725866270.666,137,1789725866270.617,1789725866271.055,1789725866271.114,1789725866271.055,1789725866271.114,-0.389,-0.448,-0.438,-0.497,6860,3482
9430.923,143,1789725866337.385,138,1789725866337.336,1789725866336.373,1789725866335.595,1789725866336.373,1789725866335.595,1.012,1.790,0.963,1.741,6888,3497
9498.976,144,1789725866404.104,139,1789725866404.055,1789725866404.211,1789725866405.046,1789725866404.211,1789725866405.046,-0.107,-0.942,-0.156,-0.991,6915,3510
9565.074,145,1789725866470.823,140,1789725866470.774,1789725866472.056,1789725866469.542,1789725866469.543,1789725866469.542,-1.233,1.281,1.230,1.231,6942,3524
9632.101,146,1789725866537.542,141,1789725866537.493,1789725866537.384,1789725866538.994,1789725866537.384,1789725866538.994,0.158,-1.452,0.110,-1.500,6968,3537
9699.083,147,1789725866604.262,142,1789725866604.212,1789725866604.952,1789725866603.224,1789725866604.952,1789725866603.224,-0.690,1.039,-0.740,0.989,6995,3551
9765.687,148,1789725866670.981,143,1789725866670.932,1789725866669.997,1789725866672.376,1789725866669.997,1789725866672.376,0.984,-1.395,0.935,-1.444,7022,3564
9833.233,149,1789725866737.701,144,1789725866737.652,1789725866737.540,1789725866736.583,1789725866737.540,1789725866736.583,0.160,1.117,0.111,1.068,7049,3578
9899.112,150,1789725866804.420,145,1789725866804.371,1789725866805.080,1789725866805.728,1789725866805.080,1789725866805.728,-0.660,-1.308,-0.709,-1.357,7075,3591
9966.104,151,1789725866871.139,146,1789725866871.090,1789725866870.115,1789725866869.931,1789725866870.115,1789725866869.931,1.024,1.208,0.975,1.159,7102,3605
10032.947,152,1789725866937.855,147,1789725866937.806,1789725866937.648,1789725866939.072,1789725866937.648,1789725866939.072,0.207,-1.217,0.158,-1.266,7128,3618
10099.308,153,1789725867004.572,148,1789725867004.522,1789725867005.178,1789725867003.273,1789725867005.178,1789725867003.273,-0.607,1.299,-0.656,1.250,7155,3632
10165.874,154,1789725867071.288,149,1789725867071.239,1789725867070.204,1789725867072.409,1789725867070.204,1789725867072.409,1.084,-1.121,1.035,-1.170,7181,3645
10233.502,155,1789725867138.005,150,1789725867137.955,1789725867137.728,1789725867136.606,1789725867137.728,1789725867136.606,0.277,1.398,0.227,1.348,7208,3659
10299.481,156,1789725867204.720,151,1789725867204.672,1789725867205.248,1789725867205.739,1789725867205.248,1789725867205.739,-0.527,-1.018,-0.576,-1.067,7235,3672
10366.130,157,1789725867271.437,152,1789725867271.387,1789725867270.264,1789725867269.932,1789725867270.264,1789725867269.932,1.172,1.505,1.123,1.456,7261,3686
10434.722,158,1789725867338.152,153,1789725867338.103,1789725867337.778,1789725867339.059,1789725867337.778,1789725867339.059,0.374,-0.906,0.325,-0.956,7288,3699
10499.905,159,1789725867404.868,154,1789725867404.819,1789725867405.289,1789725867403.245,1789725867405.289,1789725867403.245,-0.421,1.623,-0.470,1.574,7314,3713
10566.178,160,1789725867471.584,155,1789725867471.535,1789725867472.796,1789725867472.364,1789725867470.296,1789725867472.364,-1.212,-0.780,1.239,-0.829,7341,3726
10633.362,161,1789725867538.300,156,1789725867538.250,1789725867537.801,1789725867536.548,1789725867537.801,1789725867536.548,0.499,1.751,0.450,1.702,7368,3739
10700.703,162,1789725867605.015,157,1789725867604.966,1789725867605.402,1789725867605.764,1789725867605.402,1789725867605.764,-0.386,-0.749,-0.435,-0.798,7394,3753
10767.007,163,1789725867671.732,158,1789725867671.682,1789725867672.979,1789725867670.013,1789725867670.476,1789725867670.013,-1.247,1.719,1.206,1.669,7421,3767
10832.713,164,1789725867738.448,159,1789725867738.398,1789725867738.051,1789725867739.199,1789725867738.051,1789725867739.199,0.396,-0.752,0.347,-0.801,7447,3780
10900.123,165,1789725867805.163,160,1789725867805.114,1789725867805.624,1789725867803.442,1789725867805.624,1789725867803.442,-0.461,1.721,-0.510,1.672,7474,3793
10967.053,166,1789725867871.878,161,1789725867871.830,1789725867870.692,1789725867872.624,1789725867870.692,1789725867872.624,1.187,-0.745,1.138,-0.794,7501,3807
11032.357,167,1789725867938.593,162,1789725867938.544,1789725867938.260,1789725867936.865,1789725867938.260,1789725867936.865,0.332,1.728,0.283,1.679,7527,3820
11100.500,168,1789725868005.307,163,1789725868005.258,1789725868005.826,1789725868006.044,1789725868005.826,1789725868006.044,-0.520,-0.737,-0.569,-0.786,7554,3834
11166.555,169,1789725868072.021,164,1789725868071.971,1789725868070.889,1789725868070.279,1789725868070.889,1789725868070.279,1.132,1.742,1.083,1.693,7580,3847
11233.778,170,1789725868138.734,165,1789725868138.685,1789725868138.450,1789725868139.454,1789725868138.450,1789725868139.454,0.284,-0.719,0.235,-0.768,7607,3861
11297.819,171,1789725868205.449,166,1789725868205.399,1789725868206.010,1789725868203.685,1789725868206.010,1789725868203.685,-0.561,1.764,-0.611,1.714,7633,3874
11366.899,172,1789725868272.163,167,1789725868272.114,1789725868271.065,1789725868272.855,1789725868271.065,1789725868272.855,1.098,-0.693,1.049,-0.742,7660,3888
11433.652,173,1789725868338.876,168,1789725868338.827,1789725868338.621,1789725868337.084,1789725868338.621,1789725868337.084,0.255,1.792,0.207,1.744,7687,3901
11500.297,174,1789725868405.590,169,1789725868405.541,1789725868406.174,1789725868406.249,1789725868406.174,1789725868406.249,-0.584,-0.659,-0.633,-0.708,7714,3915
11567.097,175,1789725868472.303,170,1789725868472.254,1789725868471.222,1789725868470.470,1789725868471.222,1789725868470.470,1.081,1.833,1.032,1.784,7740,3928
11632.820,176,1789725868539.017,171,1789725868538.968,1789725868538.770,1789725868539.623,1789725868538.770,1789725868539.623,0.246,-0.606,0.197,-0.655,7766,3942
11699.470,177,1789725868605.730,172,1789725868605.681,1789725868606.374,1789725868603.887,1789725868606.374,1789725868603.887,-0.644,1.843,-0.693,1.794,7793,3955
11767.607,178,1789725868672.443,173,1789725868672.394,1789725868671.473,1789725868673.097,1789725868671.473,1789725868673.097,0.970,-0.654,0.921,-0.703,7820,3969
11833.182,179,1789725868739.157,174,1789725868739.107,1789725868739.074,1789725868737.364,1789725868739.074,1789725868737.364,0.083,1.793,0.033,1.743,7847,3982
11900.720,180,1789725868805.870,175,1789725868805.821,1789725868806.673,1789725868806.567,1789725868806.673,1789725868806.567,-0.802,-0.697,-0.852,-0.746,7873,3996
11967.540,181,1789725868872.583,176,1789725868872.534,1789725868871.767,1789725868870.831,1789725868871.767,1789725868870.831,0.817,1.752,0.768,1.704,7900,4009
12034.360,182,1789725868939.303,177,1789725868939.254,1789725868939.363,1789725868940.037,1789725868939.363,1789725868940.037,-0.059,-0.733,-0.108,-0.782,7927,4023
12100.826,183,1789725869006.023,178,1789725869005.974,1789725869006.958,1789725869004.300,1789725869006.958,1789725869004.300,-0.934,1.723,-0.983,1.674,7953,4036
12167.764,184,1789725869072.743,179,1789725869072.694,1789725869072.048,1789725869073.503,1789725869072.048,1789725869073.503,0.695,-0.760,0.646,-0.809,7980,4050
12233.961,185,1789725869139.463,180,1789725869139.414,1789725869139.640,1789725869137.760,1789725869139.640,1789725869137.760,-0.177,1.703,-0.226,1.654,8006,4063
12301.263,186,1789725869206.183,181,1789725869206.134,1789725869207.232,1789725869206.958,1789725869207.232,1789725869206.958,-1.049,-0.774,-1.098,-0.823,8033,4077
12367.634,187,1789725869272.904,182,1789725869272.854,1789725869272.318,1789725869271.210,1789725869272.318,1789725869271.210,0.587,1.694,0.537,1.644,8059,4090
12434.549,188,1789725869339.625,183,1789725869339.575,1789725869339.906,1789725869340.410,1789725869339.906,1789725869340.410,-0.281,-0.785,-0.330,-0.834,8086,4103
12500.708,189,1789725869406.344,184,1789725869406.295,1789725869407.492,1789725869404.664,1789725869407.492,1789725869404.664,-1.147,1.680,-1.197,1.631,8113,4117
12567.592,190,1789725869473.064,185,1789725869473.016,1789725869472.574,1789725869473.860,1789725869472.574,1789725869473.860,0.490,-0.795,0.441,-0.844,8139,4130
12634.547,191,1789725869539.785,186,1789725869539.736,1789725869540.158,1789725869538.111,1789725869540.158,1789725869538.111,-0.374,1.674,-0.423,1.625,8166,4144
12700.680,192,1789725869606.505,187,1789725869606.456,1789725869605.263,1789725869607.330,1789725869605.263,1789725869607.330,1.241,-0.825,1.193,-0.874,8193,4157
12767.476,193,1789725869673.225,188,1789725869673.176,1789725869672.871,1789725869671.604,1789725869672.871,1789725869671.604,0.354,1.621,0.305,1.572,8219,4171
12834.528,194,1789725869739.945,189,1789725869739.896,1789725869740.478,1789725869740.820,1789725869740.478,1789725869740.820,-0.533,-0.875,-0.582,-0.925,8246,4184
12901.201,195,1789725869806.666,190,1789725869806.616,1789725869805.579,1789725869805.091,1789725869805.579,1789725869805.091,1.087,1.575,1.037,1.525,8273,4198
12968.591,196,1789725869873.386,191,1789725869873.337,1789725869873.183,1789725869874.305,1789725869873.183,1789725869874.305,0.203,-0.919,0.154,-0.968,8299,4211
13035.443,197,1789725869940.122,192,1789725869940.073,1789725869940.786,1789725869938.575,1789725869940.786,1789725869938.575,-0.664,1.547,-0.713,1.498,8326,4225
13101.337,198,1789725870006.858,193,1789725870006.809,1789725870005.883,1789725870007.789,1789725870005.883,1789725870007.789,0.976,-0.931,0.927,-0.980,8352,4238
13168.207,199,1789725870073.595,194,1789725870073.546,1789725870073.483,1789725870072.060,1789725870073.483,1789725870072.060,0.113,1.535,0.063,1.486,8379,4252
13235.092,200,1789725870140.333,195,1789725870140.284,1789725870141.081,1789725870141.275,1789725870141.081,1789725870141.275,-0.748,-0.942,-0.797,-0.991,8406,4265
13301.646,201,1789725870207.071,196,1789725870207.022,1789725870206.176,1789725870205.545,1789725870206.176,1789725870205.545,0.896,1.526,0.847,1.477,8432,4279
13369.126,202,1789725870273.810,197,1789725870273.761,1789725870273.773,1789725870274.758,1789725870273.773,1789725870274.758,0.037,-0.948,-0.012,-0.997,8459,4292
13434.432,203,1789725870340.551,198,1789725870340.500,1789725870341.367,1789725870339.021,1789725870341.367,1789725870339.021,-0.817,1.530,-0.867,1.480,8485,4306
13501.813,204,1789725870407.291,199,1789725870407.241,1789725870406.457,1789725870408.228,1789725870406.457,1789725870408.228,0.833,-0.938,0.784,-0.987,8512,4319
13568.094,205,1789725870474.031,200,1789725870473.982,1789725870474.050,1789725870472.495,1789725870474.050,1789725870472.495,-0.018,1.537,-0.067,1.488,8538,4333
13634.982,206,1789725870540.772,201,1789725870540.724,1789725870541.642,1789725870541.701,1789725870541.642,1789725870541.701,-0.869,-0.928,-0.918,-0.977,8565,4346
13701.955,207,1789725870607.514,202,1789725870607.465,1789725870606.752,1789725870605.982,1789725870606.752,1789725870605.982,0.762,1.532,0.713,1.483,8592,4360
13768.618,208,1789725870674.257,203,1789725870674.208,1789725870674.382,1789725870675.228,1789725870674.382,1789725870675.228,-0.125,-0.971,-0.174,-1.020,8619,4373
13835.593,209,1789725870741.000,204,1789725870740.951,1789725870742.010,1789725870739.527,1789725870742.010,1789725870739.527,-1.010,1.473,-1.059,1.424,8645,4387
13902.005,210,1789725870807.744,205,1789725870807.695,1789725870807.132,1789725870808.772,1789725870807.132,1789725870808.772,0.612,-1.028,0.563,-1.077,8671,4400
13969.672,211,1789725870874.489,206,1789725870874.439,1789725870874.759,1789725870873.070,1789725870874.759,1789725870873.070,-0.270,1.419,-0.320,1.369,8699,4414
14034.780,212,1789725870941.209,207,1789725870941.160,1789725870942.385,1789725870942.316,1789725870942.385,1789725870942.316,-1.176,-1.107,-1.225,-1.156,8725,4427
14102.094,213,1789725871007.929,208,1789725871007.880,1789725871007.505,1789725871006.612,1789725871007.505,1789725871006.612,0.424,1.317,0.375,1.268,8752,4440
14169.318,214,1789725871074.649,209,1789725871074.600,1789725871075.129,1789725871075.853,1789725871075.129,1789725871075.853,-0.480,-1.204,-0.529,-1.252,8779,4454
14235.435,215,1789725871141.369,210,1789725871141.320,1789725871140.248,1789725871140.143,1789725871140.248,1789725871140.143,1.121,1.226,1.072,1.177,8805,4467
14301.930,216,1789725871208.089,211,1789725871208.040,1789725871207.870,1789725871209.380,1789725871207.870,1789725871209.380,0.219,-1.291,0.170,-1.340,8831,4481
14368.974,217,1789725871274.809,212,1789725871274.760,1789725871275.491,1789725871273.670,1789725871275.491,1789725871273.670,-0.682,1.139,-0.731,1.090,8858,4494
14435.867,218,1789725871341.529,213,1789725871341.480,1789725871340.607,1789725871342.906,1789725871340.607,1789725871342.906,0.922,-1.377,0.873,-1.426,8885,4508
14496.965,219,1789725871408.250,214,1789725871408.200,1789725871408.226,1789725871407.194,1789725871408.226,1789725871407.194,0.024,1.056,-0.026,1.006,8909,4520
14568.188,220,1789725871474.970,215,1789725871474.922,1789725871475.846,1789725871476.425,1789725871475.846,1789725871476.425,-0.875,-1.455,-0.924,-1.503,8938,4535
14632.697,221,1789725871541.691,216,1789725871541.642,1789725871540.958,1789725871540.715,1789725871540.958,1789725871540.715,0.732,0.976,0.683,0.927,8963,4547
14702.576,222,1789725871608.411,217,1789725871608.362,1789725871608.582,1789725871609.952,1789725871608.582,1789725871609.952,-0.171,-1.541,-0.220,-1.590,8991,4562
14770.000,223,1789725871675.131,218,1789725871675.082,1789725871676.199,1789725871674.236,1789725871676.199,1789725871674.236,-1.068,0.895,-1.117,0.846,9018,4575
14835.911,224,1789725871741.851,219,1789725871741.802,1789725871741.310,1789725871743.465,1789725871741.310,1789725871743.465,0.542,-1.614,0.492,-1.663,9044,4589
14903.466,225,1789725871808.571,220,1789725871808.522,1789725871808.925,1789725871807.751,1789725871808.925,1789725871807.751,-0.353,0.821,-0.402,0.771,9071,4602
14969.943,226,1789725871875.292,221,1789725871875.242,1789725871876.538,1789725871876.979,1789725871874.033,1789725871876.979,-1.246,-1.688,1.209,-1.737,9098,4616
15036.374,227,1789725871942.009,222,1789725871941.959,1789725871941.646,1789725871941.261,1789725871941.646,1789725871941.261,0.363,0.749,0.313,0.698,9124,4629
15103.569,228,1789725872008.726,223,1789725872008.677,1789725872009.258,1789725872010.487,1789725872009.258,1789725872010.487,-0.532,-1.761,-0.581,-1.810,9151,4643
15169.674,229,1789725872075.443,224,1789725872075.394,1789725872074.365,1789725872074.765,1789725872074.365,1789725872074.765,1.078,0.677,1.029,0.628,9178,4656
15235.893,230,1789725872142.159,225,1789725872142.110,1789725872141.974,1789725872143.987,1789725872141.974,1789725872143.987,0.185,-1.827,0.136,-1.876,9204,4670
15303.359,231,1789725872208.876,226,1789725872208.827,1789725872209.583,1789725872208.263,1789725872209.583,1789725872208.263,-0.707,0.612,-0.756,0.563,9231,4683
15369.726,232,1789725872275.592,227,1789725872275.543,1789725872274.686,1789725872277.486,1789725872274.686,1789725872277.486,0.906,-1.894,0.857,-1.943,9257,4697
15437.087,233,1789725872342.309,228,1789725872342.260,1789725872342.294,1789725872341.763,1789725872342.294,1789725872341.763,0.015,0.546,-0.034,0.497,9284,4710
15503.268,234,1789725872409.025,229,1789725872408.976,1789725872409.899,1789725872410.986,1789725872409.899,1789725872410.986,-0.874,-1.961,-0.923,-2.010,9311,4723
15570.525,235,1789725872475.742,230,1789725872475.693,1789725872475.000,1789725872475.263,1789725872475.000,1789725872475.263,0.742,0.479,0.692,0.430,9337,4737
15637.574,236,1789725872542.459,231,1789725872542.410,1789725872542.604,1789725872544.482,1789725872542.604,1789725872544.482,-0.145,-2.023,-0.194,-2.072,9364,4751
15702.742,237,1789725872609.175,232,1789725872609.126,1789725872610.212,1789725872608.760,1789725872610.212,1789725872608.760,-1.036,0.415,-1.085,0.366,9390,4764
15770.631,238,1789725872675.891,233,1789725872675.843,1789725872675.340,1789725872678.009,1789725872675.340,1789725872678.009,0.551,-2.118,0.502,-2.167,9417,4778
15837.532,239,1789725872742.608,234,1789725872742.559,1789725872742.972,1789725872742.310,1789725872742.972,1789725872742.310,-0.364,0.297,-0.413,0.248,9444,4791
15905.706,240,1789725872809.324,235,1789725872809.275,1789725872808.098,1789725872811.555,1789725872808.098,1789725872811.555,1.226,-2.231,1.177,-2.280,9471,4805
15972.042,241,1789725872876.040,236,1789725872875.991,1789725872875.727,1789725872875.848,1789725872875.727,1789725872875.848,0.313,0.192,0.264,0.143,9498,4818
16037.715,242,1789725872942.762,237,1789725872942.713,1789725872943.355,1789725872945.086,1789725872943.355,1789725872945.086,-0.593,-2.323,-0.642,-2.372,9524,4832
16104.717,243,1789725873009.486,238,1789725873009.436,1789725873008.479,1789725873009.376,1789725873008.479,1789725873009.376,1.007,0.110,0.957,0.060,9551,4845
16171.928,244,1789725873076.209,239,1789725873076.160,1789725873076.105,1789725873078.611,1789725873076.105,1789725873078.611,0.103,-2.402,0.054,-2.451,9577,4859
16237.479,245,1789725873142.931,240,1789725873142.882,1789725873143.733,1789725873142.902,1789725873143.733,1789725873142.902,-0.802,0.029,-0.850,-0.020,9604,4872
16303.984,246,1789725873209.654,241,1789725873209.605,1789725873208.854,1789725873207.188,1789725873208.854,1789725873207.188,0.800,2.466,0.751,2.417,9630,4885
16371.017,247,1789725873276.376,242,1789725873276.328,1789725873276.478,1789725873276.420,1789725873276.478,1789725873276.420,-0.102,-0.044,-0.151,-0.093,9657,4899
16440.239,248,1789725873343.099,243,1789725873343.050,1789725873344.103,1789725873340.709,1789725873344.103,1789725873340.709,-1.004,2.390,-1.053,2.341,9684,4913
16504.736,249,1789725873409.822,244,1789725873409.773,1789725873409.221,1789725873409.942,1789725873409.221,1789725873409.942,0.601,-0.120,0.552,-0.169,9710,4926
16572.247,250,1789725873476.545,245,1789725873476.496,1789725873476.844,1789725873474.229,1789725873476.844,1789725873474.229,-0.300,2.315,-0.349,2.266,9737,4939
16638.141,251,1789725873543.269,246,1789725873543.219,1789725873544.466,1789725873543.465,1789725873544.466,1789725873543.465,-1.197,-0.196,-1.247,-0.246,9763,4953
16718.013,252,1789725873609.991,246,1789725873543.219,1789725873609.583,1789725873607.751,1789725873544.466,1789725873543.465,0.409,2.240,-1.247,-0.246,9795,4969
16770.984,253,1789725873676.714,248,1789725873676.665,1789725873677.211,1789725873676.983,1789725873677.211,1789725873676.983,-0.497,-0.269,-0.546,-0.318,9817,4980
16838.860,254,1789725873743.437,249,1789725873743.388,1789725873742.330,1789725873741.270,1789725873742.330,1789725873741.270,1.107,2.167,1.058,2.118,9843,4993
16905.061,255,1789725873810.160,250,1789725873810.111,1789725873809.953,1789725873810.503,1789725873809.953,1789725873810.503,0.207,-0.343,0.158,-0.392,9870,5007
16971.850,256,1789725873876.883,251,1789725873876.834,1789725873877.575,1789725873874.791,1789725873877.575,1789725873874.791,-0.692,2.091,-0.741,2.042,9897,5020
17032.651,257,1789725873943.604,252,1789725873943.555,1789725873942.692,1789725873944.022,1789725873942.692,1789725873944.022,0.912,-0.419,0.863,-0.468,9921,5033
17099.511,258,1789725874010.325,253,1789725874010.276,1789725874010.312,1789725874008.310,1789725874010.312,1789725874008.310,0.012,2.014,-0.037,1.965,9948,5046
17172.611,259,1789725874077.047,254,1789725874076.997,1789725874077.931,1789725874077.543,1789725874077.931,1789725874077.543,-0.885,-0.496,-0.935,-0.546,9977,5061
17238.280,260,1789725874143.768,255,1789725874143.719,1789725874143.046,1789725874141.834,1789725874143.046,1789725874141.834,0.722,1.934,0.673,1.885,10003,5074
17304.622,261,1789725874210.489,256,1789725874210.440,1789725874210.663,1789725874211.067,1789725874210.663,1789725874211.067,-0.174,-0.578,-0.223,-0.627,10029,5087
17372.031,262,1789725874277.210,257,1789725874277.161,1789725874278.280,1789725874275.352,1789725874278.280,1789725874275.352,-1.070,1.858,-1.119,1.810,10056,5101
17437.692,263,1789725874343.931,258,1789725874343.882,1789725874343.391,1789725874344.583,1789725874343.391,1789725874344.583,0.540,-0.652,0.491,-0.701,10082,5114
17505.034,264,1789725874410.653,259,1789725874410.604,1789725874411.006,1789725874408.868,1789725874411.006,1789725874408.868,-0.353,1.785,-0.402,1.736,10109,5128
17570.185,265,1789725874477.374,260,1789725874477.325,1789725874478.620,1789725874478.094,1789725874476.115,1789725874478.094,-1.246,-0.721,1.209,-0.770,10135,5141
17638.920,266,1789725874544.095,261,1789725874544.046,1789725874543.729,1789725874542.377,1789725874543.729,1789725874542.377,0.366,1.718,0.317,1.669,10163,5155
17704.859,267,1789725874610.818,262,1789725874610.768,1789725874611.340,1789725874611.604,1789725874611.340,1789725874611.604,-0.523,-0.786,-0.573,-0.836,10189,5168
17772.235,268,1789725874677.539,263,1789725874677.490,1789725874676.451,1789725874675.887,1789725874676.451,1789725874675.887,1.088,1.652,1.039,1.603,10216,5182
17838.322,269,1789725874744.260,264,1789725874744.212,1789725874744.057,1789725874745.108,1789725874744.057,1789725874745.108,0.203,-0.848,0.154,-0.896,10242,5195
17906.372,270,1789725874810.982,265,1789725874810.933,1789725874811.664,1789725874809.382,1789725874811.664,1789725874809.382,-0.681,1.600,-0.730,1.551,10269,5209
17971.746,271,1789725874877.704,266,1789725874877.655,1789725874876.764,1789725874878.596,1789725874876.764,1789725874878.596,0.939,-0.893,0.890,-0.942,10295,5222
18038.667,272,1789725874944.421,267,1789725874944.373,1789725874944.367,1789725874942.868,1789725874944.367,1789725874942.868,0.054,1.553,0.005,1.505,10322,5236
18105.072,273,1789725875011.139,268,1789725875011.090,1789725875011.970,1789725875012.084,1789725875011.970,1789725875012.084,-0.831,-0.945,-0.879,-0.994,10349,5249
18172.586,274,1789725875077.857,269,1789725875077.808,1789725875077.067,1789725875076.353,1789725875077.067,1789725875076.353,0.790,1.504,0.741,1.455,10376,5263
18239.542,275,1789725875144.576,270,1789725875144.526,1789725875144.666,1789725875145.564,1789725875144.666,1789725875145.564,-0.090,-0.988,-0.140,-1.038,10402,5276
18306.307,276,1789725875211.293,271,1789725875211.244,1789725875212.265,1789725875209.830,1789725875212.265,1789725875209.830,-0.972,1.463,-1.021,1.414,10429,5290
18371.835,277,1789725875278.011,272,1789725875277.962,1789725875277.359,1789725875279.041,1789725875277.359,1789725875279.041,0.652,-1.030,0.603,-1.079,10455,5303
18438.608,278,1789725875344.728,273,1789725875344.679,1789725875344.954,1789725875343.304,1789725875344.954,1789725875343.304,-0.226,1.424,-0.275,1.375,10482,5317
18505.450,279,1789725875411.446,274,1789725875411.397,1789725875412.549,1789725875412.511,1789725875412.549,1789725875412.511,-1.103,-1.065,-1.152,-1.114,10508,5330
18572.061,280,1789725875478.163,275,1789725875478.114,1789725875477.639,1789725875476.778,1789725875477.639,1789725875476.778,0.524,1.386,0.475,1.337,10535,5344
18639.750,281,1789725875544.881,276,1789725875544.832,1789725875545.231,1789725875545.985,1789725875545.231,1789725875545.985,-0.350,-1.104,-0.399,-1.153,10562,5357
18705.512,282,1789725875611.598,277,1789725875611.549,1789725875612.823,1789725875610.248,1789725875610.319,1789725875610.248,-1.224,1.350,1.230,1.301,10588,5371
18772.436,283,1789725875678.316,278,1789725875678.266,1789725875677.922,1789725875679.465,1789725875677.922,1789725875679.465,0.395,-1.149,0.344,-1.199,10615,5384
18839.993,284,1789725875745.034,279,1789725875744.985,1789725875745.524,1789725875743.739,1789725875745.524,1789725875743.739,-0.490,1.295,-0.539,1.246,10641,5397
18905.711,285,1789725875811.751,280,1789725875811.702,1789725875810.622,1789725875812.954,1789725875810.622,1789725875812.954,1.129,-1.203,1.080,-1.252,10668,5411
18973.100,286,1789725875878.468,281,1789725875878.419,1789725875878.222,1789725875877.229,1789725875878.222,1789725875877.229,0.246,1.239,0.197,1.190,10695,5425
19039.292,287,1789725875945.188,282,1789725875945.139,1789725875945.820,1789725875946.445,1789725875945.820,1789725875946.445,-0.632,-1.257,-0.681,-1.306,10721,5438
19106.766,288,1789725876011.908,283,1789725876011.859,1789725876010.914,1789725876010.714,1789725876010.914,1789725876010.714,0.994,1.194,0.945,1.145,10748,5452
19172.885,289,1789725876078.629,284,1789725876078.580,1789725876078.510,1789725876079.926,1789725876078.510,1789725876079.926,0.118,-1.297,0.069,-1.346,10775,5465
19239.214,290,1789725876145.349,285,1789725876145.300,1789725876146.105,1789725876144.192,1789725876146.105,1789725876144.192,-0.756,1.157,-0.805,1.108,10801,5478
19306.012,291,1789725876212.070,286,1789725876212.020,1789725876211.195,1789725876213.402,1789725876211.195,1789725876213.402,0.875,-1.332,0.825,-1.382,10828,5492
19372.723,292,1789725876278.790,287,1789725876278.741,1789725876278.788,1789725876277.666,1789725876278.788,1789725876277.666,0.002,1.124,-0.046,1.075,10854,5505
19439.889,293,1789725876345.510,288,1789725876345.461,1789725876346.379,1789725876346.871,1789725876346.379,1789725876346.871,-0.868,-1.361,-0.917,-1.410,10881,5519
19506.011,294,1789725876412.231,289,1789725876412.182,1789725876411.465,1789725876411.133,1789725876411.465,1789725876411.133,0.766,1.098,0.717,1.049,10908,5532
19574.123,295,1789725876478.951,290,1789725876478.902,1789725876479.053,1789725876480.330,1789725876479.053,1789725876480.330,-0.102,-1.379,-0.151,-1.428,10935,5546
19636.097,296,1789725876545.671,291,1789725876545.622,1789725876546.640,1789725876544.587,1789725876546.640,1789725876544.587,-0.969,1.084,-1.018,1.035,10959,5559
19705.697,297,1789725876612.392,292,1789725876612.343,1789725876611.723,1789725876613.786,1789725876611.723,1789725876613.786,0.669,-1.394,0.620,-1.443,10987,5573
19773.720,298,1789725876679.112,293,1789725876679.063,1789725876679.312,1789725876678.046,1789725876679.312,1789725876678.046,-0.200,1.065,-0.249,1.016,11014,5586
19839.315,299,1789725876745.833,294,1789725876745.783,1789725876746.884,1789725876747.237,1789725876746.884,1789725876747.237,-1.051,-1.404,-1.101,-1.454,11041,5600
19908.091,300,1789725876812.553,295,1789725876812.505,1789725876811.953,1789725876811.485,1789725876811.953,1789725876811.485,0.600,1.069,0.552,1.020,11068,5613
19973.314,301,1789725876879.274,296,1789725876879.225,1789725876879.524,1789725876880.672,1789725876879.524,1789725876880.672,-0.250,-1.398,-0.299,-1.447,11094,5627
20040.541,302,1789725876945.991,297,1789725876945.942,1789725876947.092,1789725876944.917,1789725876947.092,1789725876944.917,-1.101,1.073,-1.150,1.024,11121,5640
20107.061,303,1789725877012.708,298,1789725877012.659,1789725877012.157,1789725877014.101,1789725877012.157,1789725877014.101,0.551,-1.393,0.502,-1.442,11147,5654
20173.692,304,1789725877079.425,299,1789725877079.375,1789725877079.724,1789725877078.343,1789725877079.724,1789725877078.343,-0.299,1.082,-0.348,1.032,11174,5667
20241.126,305,1789725877146.141,300,1789725877146.092,1789725877147.289,1789725877147.529,1789725877147.289,1789725877147.529,-1.147,-1.387,-1.197,-1.436,11201,5681
20307.860,306,1789725877212.858,301,1789725877212.809,1789725877212.350,1789725877211.767,1789725877212.350,1789725877211.767,0.508,1.091,0.459,1.042,11227,5694
20374.563,307,1789725877279.576,302,1789725877279.526,1789725877279.912,1789725877280.945,1789725877279.912,1789725877280.945,-0.336,-1.370,-0.386,-1.420,11254,5708
20440.940,308,1789725877346.292,303,1789725877346.243,1789725877347.474,1789725877345.180,1789725877347.474,1789725877345.180,-1.181,1.113,-1.230,1.064,11281,5721
20508.701,309,1789725877413.009,304,1789725877412.960,1789725877412.531,1789725877414.357,1789725877412.531,1789725877414.357,0.478,-1.348,0.428,-1.397,11308,5735
20574.729,310,1789725877479.726,305,1789725877479.677,1789725877480.089,1789725877478.593,1789725877480.089,1789725877478.593,-0.364,1.132,-0.413,1.083,11334,5748
20641.821,311,1789725877546.442,306,1789725877546.393,1789725877547.647,1789725877547.770,1789725877545.146,1789725877547.770,-1.205,-1.328,1.247,-1.377,11361,5762
20710.408,312,1789725877613.158,307,1789725877613.110,1789725877612.701,1789725877612.006,1789725877612.701,1789725877612.006,0.457,1.153,0.408,1.104,11388,5776
20774.690,313,1789725877679.875,308,1789725877679.826,1789725877680.267,1789725877681.193,1789725877680.267,1789725877681.193,-0.392,-1.318,-0.441,-1.367,11414,5788
20837.202,314,1789725877746.592,309,1789725877746.542,1789725877745.797,1789725877745.903,1789725877745.797,1789725877745.903,0.795,0.688,0.746,0.639,11439,5801
20908.299,315,1789725877813.309,310,1789725877813.259,1789725877813.863,1789725877815.599,1789725877813.863,1789725877815.599,-0.554,-2.291,-0.604,-2.341,11467,5816
20974.958,316,1789725877880.025,311,1789725877879.976,1789725877879.418,1789725877880.325,1789725877879.418,1789725877880.325,0.607,-0.300,0.559,-0.349,11494,5829
21042.495,317,1789725877946.748,312,1789725877946.698,1789725877947.504,1789725877945.060,1789725877947.504,1789725877945.060,-0.757,1.688,-0.806,1.639,11521,5843
21109.652,318,1789725878013.470,313,1789725878013.421,1789725878013.078,1789725878014.782,1789725878013.078,1789725878014.782,0.392,-1.312,0.343,-1.362,11547,5856
21175.431,319,1789725878080.192,314,1789725878080.143,1789725878081.184,1789725878079.537,1789725878081.184,1789725878079.537,-0.992,0.655,-1.041,0.606,11573,5869
21244.536,320,1789725878146.915,315,1789725878146.866,1789725878146.777,1789725878149.283,1789725878146.777,1789725878149.283,0.137,-2.369,0.089,-2.417,11601,5884
21308.677,321,1789725878213.637,316,1789725878213.588,1789725878212.379,1789725878214.056,1789725878212.379,1789725878214.056,1.258,-0.419,1.209,-0.468,11627,5896
21377.227,322,1789725878280.360,317,1789725878280.311,1789725878280.515,1789725878278.837,1789725878280.515,1789725878278.837,-0.155,1.522,-0.204,1.473,11654,5910
21441.889,323,1789725878347.083,318,1789725878347.033,1789725878346.136,1789725878348.617,1789725878346.136,1789725878348.617,0.948,-1.534,0.897,-1.584,11680,5923
21508.512,324,1789725878413.806,319,1789725878413.757,1789725878414.290,1789725878413.421,1789725878414.290,1789725878413.421,-0.484,0.385,-0.533,0.336,11706,5937
21577.341,325,1789725878480.528,320,1789725878480.479,1789725878479.930,1789725878478.232,1789725878479.930,1789725878478.232,0.598,2.297,0.549,2.248,11733,5951
21641.377,326,1789725878547.251,321,1789725878547.202,1789725878548.104,1789725878548.036,1789725878548.104,1789725878548.036,-0.854,-0.785,-0.903,-0.834,11759,5964
21708.051,327,1789725878613.974,322,1789725878613.925,1789725878613.763,1789725878612.868,1789725878613.763,1789725878612.868,0.210,1.106,0.161,1.057,11786,5977
21789.933,328,1789725878680.696,322,1789725878613.925,1789725878681.958,1789725878682.692,1789725878613.763,1789725878612.868,-1.261,-1.996,0.161,1.057,11819,5994
21842.241,329,1789725878747.419,324,1789725878747.370,1789725878747.177,1789725878747.083,1789725878747.177,1789725878747.083,0.241,0.336,0.193,0.288,11840,6004
21909.470,330,1789725878814.142,325,1789725878814.093,1789725878814.859,1789725878816.381,1789725878814.859,1789725878816.381,-0.718,-2.240,-0.767,-2.289,11866,6018
21975.171,331,1789725878880.865,326,1789725878880.815,1789725878880.035,1789725878880.730,1789725878880.035,1789725878880.730,0.830,0.135,0.780,0.085,11893,6031
22042.438,332,1789725878947.583,327,1789725878947.534,1789725878947.719,1789725878950.032,1789725878947.719,1789725878945.083,-0.136,-2.450,-0.185,2.451,11919,6045
22109.480,333,1789725879014.300,328,1789725879014.251,1789725879015.402,1789725879014.383,1789725879015.402,1789725879014.383,-1.101,-0.083,-1.150,-0.132,11946,6058
22176.241,334,1789725879081.017,329,1789725879080.969,1789725879080.578,1789725879078.736,1789725879080.578,1789725879078.736,0.439,2.281,0.391,2.233,11973,6072
22242.414,335,1789725879147.735,330,1789725879147.686,1789725879148.261,1789725879148.040,1789725879148.261,1789725879148.040,-0.527,-0.305,-0.576,-0.354,11999,6085
22308.912,336,1789725879214.452,331,1789725879214.403,1789725879213.437,1789725879212.396,1789725879213.437,1789725879212.396,1.015,2.056,0.966,2.007,12026,6099
22375.822,337,1789725879281.169,332,1789725879281.120,1789725879281.120,1789725879281.699,1789725879281.120,1789725879281.699,0.049,-0.530,0.000,-0.579,12052,6112
22442.928,338,1789725879347.886,333,1789725879347.837,1789725879348.803,1789725879346.050,1789725879348.803,1789725879346.050,-0.917,1.836,-0.966,1.787,12079,6126
22509.441,339,1789725879414.604,334,1789725879414.554,1789725879413.979,1789725879415.350,1789725879413.979,1789725879415.350,0.625,-0.746,0.574,-0.796,12106,6139
22575.860,340,1789725879481.321,335,1789725879481.272,1789725879481.663,1789725879479.703,1789725879481.663,1789725879479.703,-0.342,1.618,-0.391,1.569,12132,6152
22643.124,341,1789725879548.038,336,1789725879547.989,1789725879546.840,1789725879549.008,1789725879546.840,1789725879549.008,1.198,-0.970,1.149,-1.019,12159,6166
22709.141,342,1789725879614.755,337,1789725879614.706,1789725879614.523,1789725879613.361,1789725879614.523,1789725879613.361,0.231,1.394,0.182,1.344,12185,6179
22776.428,343,1789725879681.471,338,1789725879681.422,1789725879682.206,1789725879682.668,1789725879682.206,1789725879682.668,-0.734,-1.197,-0.783,-1.246,12212,6193
22843.005,344,1789725879748.188,339,1789725879748.139,1789725879747.386,1789725879747.024,1789725879747.386,1789725879747.024,0.802,1.164,0.753,1.115,12239,6206
22909.891,345,1789725879814.905,340,1789725879814.856,1789725879815.075,1789725879816.337,1789725879815.075,1789725879816.337,-0.170,-1.433,-0.219,-1.482,12265,6220
22976.166,346,1789725879881.622,341,1789725879881.573,1789725879882.765,1789725879880.700,1789725879882.765,1789725879880.700,-1.144,0.922,-1.193,0.873,12292,6233
23043.456,347,1789725879948.350,342,1789725879948.300,1789725879947.948,1789725879950.014,1789725879947.948,1789725879950.014,0.402,-1.664,0.352,-1.714,12319,6247
23110.343,348,1789725880015.078,343,1789725880015.029,1789725880015.638,1789725880014.377,1789725880015.638,1789725880014.377,-0.560,0.701,-0.609,0.652,12345,6260
23177.381,349,1789725880081.806,344,1789725880081.757,1789725880080.821,1789725880083.688,1789725880080.821,1789725880083.688,0.985,-1.883,0.936,-1.931,12372,6274
23243.095,350,1789725880148.534,345,1789725880148.485,1789725880148.511,1789725880148.047,1789725880148.511,1789725880148.047,0.023,0.487,-0.026,0.438,12398,6287
23310.654,351,1789725880215.262,346,1789725880215.213,1789725880216.202,1789725880217.358,1789725880216.202,1789725880217.358,-0.939,-2.096,-0.989,-2.145,12425,6301
23376.889,352,1789725880281.991,347,1789725880281.942,1789725880281.385,1789725880281.718,1789725880281.385,1789725880281.718,0.605,0.272,0.557,0.224,12452,6314
23443.510,353,1789725880348.719,348,1789725880348.670,1789725880349.075,1789725880351.034,1789725880349.075,1789725880351.034,-0.355,-2.315,-0.405,-2.364,12478,6328
23509.959,354,1789725880415.448,349,1789725880415.399,1789725880414.260,1789725880415.401,1789725880414.260,1789725880415.401,1.189,0.048,1.140,-0.001,12505,6341
23577.221,355,1789725880482.178,350,1789725880482.128,1789725880481.949,1789725880479.763,1789725880481.949,1789725880479.763,0.229,2.415,0.178,2.365,12532,6355
23643.162,356,1789725880548.907,351,1789725880548.858,1789725880549.641,1789725880549.073,1789725880549.641,1789725880549.073,-0.734,-0.167,-0.783,-0.216,12558,6368
23709.551,357,1789725880615.636,352,1789725880615.587,1789725880614.824,1789725880613.430,1789725880614.824,1789725880613.430,0.812,2.206,0.763,2.157,12584,6381
23776.686,358,1789725880682.365,353,1789725880682.316,1789725880682.516,1789725880682.737,1789725880682.516,1789725880682.737,-0.150,-0.371,-0.199,-0.420,12611,6395
23843.017,359,1789725880749.095,354,1789725880749.046,1789725880750.204,1789725880747.089,1789725880750.204,1789725880747.089,-1.109,2.006,-1.158,1.957,12638,6408
23910.244,360,1789725880815.825,355,1789725880815.776,1789725880815.382,1789725880816.395,1789725880815.382,1789725880816.395,0.443,-0.570,0.394,-0.619,12665,6422
23976.900,361,1789725880882.554,356,1789725880882.505,1789725880883.068,1789725880880.755,1789725880883.068,1789725880880.755,-0.513,1.800,-0.562,1.751,12691,6436
24044.045,362,1789725880949.273,357,1789725880949.224,1789725880948.246,1789725880950.065,1789725880948.246,1789725880950.065,1.027,-0.792,0.978,-0.841,12718,6449
24110.135,363,1789725881015.993,358,1789725881015.943,1789725881015.932,1789725881014.428,1789725881015.932,1789725881014.428,0.061,1.565,0.011,1.515,12744,6462
24174.581,364,1789725881082.712,359,1789725881082.663,1789725881083.618,1789725881083.737,1789725881083.618,1789725881083.737,-0.906,-1.025,-0.955,-1.074,12770,6475
24246.310,365,1789725881149.430,360,1789725881149.381,1789725881148.797,1789725881148.096,1789725881148.797,1789725881148.096,0.634,1.335,0.585,1.286,12797,6489
24305.257,366,1789725881216.149,361,1789725881216.100,1789725881216.482,1789725881217.408,1789725881216.482,1789725881217.408,-0.333,-1.259,-0.381,-1.307,12822,6502
24372.208,367,1789725881282.868,362,1789725881282.819,1789725881281.662,1789725881281.763,1789725881281.662,1789725881281.763,1.206,1.104,1.157,1.056,12849,6515
24438.944,368,1789725881349.587,363,1789725881349.538,1789725881349.347,1789725881351.069,1789725881349.347,1789725881351.069,0.240,-1.482,0.191,-1.531,12876,6529
24505.887,369,1789725881416.305,364,1789725881416.256,1789725881417.033,1789725881415.425,1789725881417.033,1789725881415.425,-0.727,0.881,-0.776,0.832,12902,6542
24572.577,370,1789725881483.024,365,1789725881482.975,1789725881482.212,1789725881484.731,1789725881482.212,1789725881484.731,0.812,-1.707,0.763,-1.756,12929,6556
24639.205,371,1789725881549.744,366,1789725881549.694,1789725881549.898,1789725881549.088,1789725881549.898,1789725881549.088,-0.154,0.656,-0.204,0.605,12956,6569
24705.021,372,1789725881616.462,367,1789725881616.414,1789725881617.585,1789725881618.397,1789725881617.585,1789725881618.397,-1.122,-1.934,-1.171,-1.983,12982,6583
24772.133,373,1789725881683.181,368,1789725881683.132,1789725881682.764,1789725881682.753,1789725881682.764,1789725881682.753,0.417,0.428,0.368,0.379,13009,6596
24838.970,374,1789725881749.900,369,1789725881749.851,1789725881750.449,1789725881752.056,1789725881750.449,1789725881752.056,-0.550,-2.156,-0.598,-2.205,13035,6610
24907.273,375,1789725881816.618,370,1789725881816.569,1789725881815.620,1789725881816.400,1789725881815.620,1789725881816.400,0.998,0.218,0.949,0.169,13062,6623
24973.173,376,1789725881883.337,371,1789725881883.288,1789725881883.299,1789725881885.697,1789725881883.299,1789725881885.697,0.038,-2.360,-0.010,-2.408,13089,6637
25041.373,377,1789725881950.053,372,1789725881950.004,1789725881950.977,1789725881950.046,1789725881950.977,1789725881950.046,-0.924,0.007,-0.973,-0.042,13116,6651
25107.546,378,1789725882016.769,373,1789725882016.720,1789725882016.148,1789725882014.397,1789725882016.148,1789725882014.397,0.621,2.372,0.572,2.323,13142,6664
25176.530,379,1789725882083.486,374,1789725882083.436,1789725882083.826,1789725882083.692,1789725882083.826,1789725882083.692,-0.341,-0.207,-0.391,-0.257,13170,6678
25244.026,380,1789725882150.201,375,1789725882150.152,1789725882148.997,1789725882148.039,1789725882148.997,1789725882148.039,1.204,2.163,1.155,2.114,13197,6692
25312.035,381,1789725882216.917,376,1789725882216.868,1789725882216.676,1789725882217.336,1789725882216.676,1789725882217.336,0.241,-0.419,0.193,-0.468,13224,6705
25379.148,382,1789725882283.633,377,1789725882283.584,1789725882284.354,1789725882281.685,1789725882284.354,1789725882281.685,-0.721,1.948,-0.770,1.899,13251,6719
25441.246,383,1789725882350.349,378,1789725882350.300,1789725882349.525,1789725882350.985,1789725882349.525,1789725882350.985,0.824,-0.636,0.775,-0.685,13275,6731
25505.344,384,1789725882417.064,379,1789725882417.015,1789725882417.203,1789725882415.334,1789725882417.203,1789725882415.334,-0.139,1.730,-0.188,1.681,13301,6744
25577.820,385,1789725882483.780,380,1789725882483.731,1789725882484.881,1789725882484.637,1789725882484.881,1789725882484.637,-1.101,-0.857,-1.150,-0.906,13330,6759
25640.115,386,1789725882550.496,381,1789725882550.447,1789725882550.052,1789725882548.989,1789725882550.052,1789725882548.989,0.443,1.507,0.394,1.458,13355,6772
25711.612,387,1789725882617.212,382,1789725882617.162,1789725882617.730,1789725882618.288,1789725882617.730,1789725882618.288,-0.518,-1.076,-0.568,-1.126,13383,6786
25777.577,388,1789725882683.928,383,1789725882683.879,1789725882682.902,1789725882682.639,1789725882682.902,1789725882682.639,1.026,1.289,0.977,1.240,13410,6799
25845.161,389,1789725882750.644,384,1789725882750.594,1789725882750.581,1789725882751.942,1789725882750.581,1789725882751.942,0.063,-1.298,0.014,-1.347,13437,6813
25906.476,390,1789725882817.359,385,1789725882817.310,1789725882818.265,1789725882816.300,1789725882818.265,1789725882816.300,-0.906,1.060,-0.955,1.010,13461,6825
25972.208,391,1789725882884.075,386,1789725882884.026,1789725882883.441,1789725882885.608,1789725882883.441,1789725882885.608,0.633,-1.534,0.584,-1.583,13487,6839
26039.966,392,1789725882950.791,387,1789725882950.742,1789725882951.125,1789725882949.965,1789725882951.125,1789725882949.965,-0.334,0.826,-0.383,0.777,13514,6852
26106.855,393,1789725883017.508,388,1789725883017.459,1789725883016.302,1789725883019.270,1789725883016.302,1789725883019.270,1.206,-1.762,1.157,-1.811,13541,6866
26174.030,394,1789725883084.224,389,1789725883084.176,1789725883083.986,1789725883083.625,1789725883083.986,1789725883083.625,0.238,0.599,0.189,0.551,13568,6879
26240.294,395,1789725883150.942,390,1789725883150.892,1789725883151.670,1789725883152.930,1789725883151.670,1789725883152.930,-0.728,-1.988,-0.778,-2.038,13594,6893
26306.772,396,1789725883217.658,391,1789725883217.610,1789725883216.847,1789725883217.287,1789725883216.847,1789725883217.287,0.812,0.372,0.763,0.323,13621,6906
26374.210,397,1789725883284.375,392,1789725883284.326,1789725883284.531,1789725883286.592,1789725883284.531,1789725883286.592,-0.156,-2.217,-0.205,-2.266,13648,6920
26440.787,398,1789725883351.092,393,1789725883351.042,1789725883352.215,1789725883350.945,1789725883352.215,1789725883350.945,-1.123,0.147,-1.172,0.098,13674,6933
26508.315,399,1789725883417.808,394,1789725883417.759,1789725883417.392,1789725883420.255,1789725883417.392,1789725883415.303,0.416,-2.447,0.367,2.455,13701,6947
26574.578,400,1789725883484.524,395,1789725883484.475,1789725883485.075,1789725883484.608,1789725883485.075,1789725883484.608,-0.551,-0.084,-0.600,-0.133,13727,6960
26640.889,401,1789725883551.241,396,1789725883551.192,1789725883550.252,1789725883548.965,1789725883550.252,1789725883548.965,0.988,2.275,0.939,2.226,13754,6974
26708.296,402,1789725883617.957,397,1789725883617.908,1789725883617.936,1789725883618.269,1789725883617.936,1789725883618.269,0.021,-0.312,-0.028,-0.361,13781,6987
26774.316,403,1789725883684.674,398,1789725883684.624,1789725883685.620,1789725883682.627,1789725883685.620,1789725883682.627,-0.946,2.047,-0.996,1.997,13807,7001
26841.071,404,1789725883751.391,399,1789725883751.342,1789725883750.797,1789725883751.938,1789725883750.797,1789725883751.938,0.594,-0.548,0.545,-0.596,13834,7014
26913.824,405,1789725883818.107,400,1789725883818.058,1789725883818.473,1789725883816.288,1789725883818.473,1789725883816.288,-0.366,1.819,-0.415,1.770,13863,7029
26978.681,406,1789725883884.823,401,1789725883884.774,1789725883883.639,1789725883885.582,1789725883883.639,1789725883885.582,1.184,-0.759,1.135,-0.807,13889,7042
27050.745,407,1789725883951.544,402,1789725883951.495,1789725883951.312,1789725883949.927,1789725883951.312,1789725883949.927,0.232,1.616,0.183,1.567,13918,7057
27120.249,408,1789725884018.264,403,1789725884018.215,1789725884018.985,1789725884019.225,1789725884018.985,1789725884019.225,-0.721,-0.961,-0.770,-1.010,13945,7071
27173.085,409,1789725884084.984,404,1789725884084.935,1789725884084.151,1789725884083.573,1789725884084.151,1789725884083.573,0.833,1.411,0.784,1.362,13966,7081
27241.605,410,1789725884151.704,405,1789725884151.656,1789725884151.823,1789725884152.870,1789725884151.823,1789725884152.870,-0.119,-1.166,-0.167,-1.214,13993,7095
27306.621,411,1789725884218.426,406,1789725884218.376,1789725884219.495,1789725884217.216,1789725884219.495,1789725884217.216,-1.070,1.210,-1.120,1.160,14020,7108
27375.249,412,1789725884285.146,407,1789725884285.097,1789725884284.661,1789725884286.509,1789725884284.661,1789725884286.509,0.485,-1.363,0.436,-1.412,14047,7122
27443.599,413,1789725884351.866,408,1789725884351.817,1789725884352.333,1789725884350.853,1789725884352.333,1789725884350.853,-0.467,1.013,-0.516,0.964,14074,7136
27510.225,414,1789725884418.586,409,1789725884418.537,1789725884417.498,1789725884420.146,1789725884417.498,1789725884420.146,1.088,-1.560,1.039,-1.609,14101,7149
27576.999,415,1789725884485.306,410,1789725884485.258,1789725884485.170,1789725884484.490,1789725884485.170,1789725884484.490,0.136,0.816,0.087,0.767,14128,7163
27642.495,416,1789725884552.027,411,1789725884551.978,1789725884552.842,1789725884553.784,1789725884552.842,1789725884553.784,-0.815,-1.757,-0.864,-1.806,14154,7176
27709.921,417,1789725884618.747,412,1789725884618.698,1789725884618.007,1789725884618.129,1789725884618.007,1789725884618.129,0.740,0.618,0.691,0.569,14181,7190
27776.976,418,1789725884685.467,413,1789725884685.418,1789725884685.678,1789725884687.423,1789725884685.678,1789725884687.423,-0.211,-1.956,-0.260,-2.005,14207,7203
27842.717,419,1789725884752.188,414,1789725884752.138,1789725884753.350,1789725884751.766,1789725884753.350,1789725884751.766,-1.161,0.422,-1.211,0.372,14233,7216
27908.727,420,1789725884818.908,415,1789725884818.859,1789725884818.515,1789725884821.060,1789725884818.515,1789725884821.060,0.393,-2.151,0.344,-2.200,14260,7230
27974.762,421,1789725884885.628,416,1789725884885.579,1789725884886.183,1789725884885.400,1789725884886.183,1789725884885.400,-0.554,0.229,-0.603,0.180,14286,7243
28040.994,422,1789725884952.352,417,1789725884952.303,1789725884951.343,1789725884954.688,1789725884951.343,1789725884954.688,1.009,-2.335,0.960,-2.384,14313,7257
28107.456,423,1789725885019.076,418,1789725885019.027,1789725885019.010,1789725885019.026,1789725885019.010,1789725885019.026,0.066,0.050,0.017,0.001,14339,7270
28174.089,424,1789725885085.800,419,1789725885085.751,1789725885086.677,1789725885083.360,1789725885086.677,1789725885083.360,-0.877,2.440,-0.926,2.391,14366,7284
28240.854,425,1789725885152.524,420,1789725885152.475,1789725885151.837,1789725885152.643,1789725885151.837,1789725885152.643,0.687,-0.119,0.638,-0.168,14392,7297
28308.755,426,1789725885219.248,421,1789725885219.199,1789725885219.504,1789725885216.981,1789725885219.504,1789725885216.981,-0.256,2.267,-0.305,2.218,14419,7311
28374.922,427,1789725885285.973,422,1789725885285.923,1789725885287.170,1789725885286.268,1789725885287.170,1789725885286.268,-1.197,-0.295,-1.247,-0.345,14446,7324
28441.926,428,1789725885352.697,423,1789725885352.648,1789725885352.329,1789725885350.604,1789725885352.329,1789725885350.604,0.368,2.094,0.319,2.044,14473,7338
28507.776,429,1789725885419.422,424,1789725885419.373,1789725885419.995,1789725885419.894,1789725885419.995,1789725885419.894,-0.573,-0.472,-0.623,-0.521,14499,7351
28575.780,430,1789725885486.146,425,1789725885486.097,1789725885485.154,1789725885484.233,1789725885485.154,1789725885484.233,0.992,1.912,0.943,1.864,14526,7365
28641.989,431,1789725885552.870,426,1789725885552.821,1789725885552.819,1789725885553.519,1789725885552.819,1789725885553.519,0.051,-0.649,0.002,-0.698,14552,7378
28708.994,432,1789725885619.595,427,1789725885619.546,1789725885620.485,1789725885617.852,1789725885620.485,1789725885617.852,-0.890,1.742,-0.939,1.693,14579,7392
28775.756,433,1789725885686.319,428,1789725885686.270,1789725885685.643,1789725885687.132,1789725885685.643,1789725885687.132,0.676,-0.812,0.627,-0.861,14606,7405
28842.529,434,1789725885753.044,429,1789725885752.995,1789725885753.308,1789725885751.463,1789725885753.308,1789725885751.463,-0.264,1.581,-0.313,1.532,14632,7418
28911.144,435,1789725885819.770,430,1789725885819.719,1789725885820.976,1789725885820.750,1789725885818.471,1789725885820.750,-1.207,-0.980,1.249,-1.030,14660,7432
28979.745,436,1789725885886.494,431,1789725885886.445,1789725885886.137,1789725885885.084,1789725885886.137,1789725885885.084,0.357,1.410,0.308,1.361,14687,7446
29050.610,437,1789725885953.215,432,1789725885953.166,1789725885953.803,1789725885954.370,1789725885953.803,1789725885954.370,-0.589,-1.156,-0.638,-1.205,14715,7461
29112.031,438,1789725886019.936,433,1789725886019.886,1789725886018.963,1789725886018.708,1789725886018.963,1789725886018.708,0.973,1.228,0.924,1.178,14740,7473
29179.373,439,1789725886086.656,434,1789725886086.607,1789725886086.629,1789725886087.994,1789725886086.629,1789725886087.994,0.028,-1.338,-0.021,-1.387,14767,7487
29247.006,440,1789725886153.377,435,1789725886153.328,1789725886154.294,1789725886152.333,1789725886154.294,1789725886152.333,-0.917,1.044,-0.966,0.995,14794,7500
29312.787,441,1789725886220.098,436,1789725886220.049,1789725886219.453,1789725886221.619,1789725886219.453,1789725886221.619,0.645,-1.522,0.596,-1.571,14820,7514
29378.818,442,1789725886286.818,437,1789725886286.769,1789725886287.118,1789725886285.956,1789725886287.118,1789725886285.956,-0.300,0.862,-0.349,0.813,14846,7527
29444.651,443,1789725886353.540,438,1789725886353.490,1789725886354.783,1789725886355.242,1789725886352.277,1789725886355.242,-1.243,-1.702,1.213,-1.752,14873,7540
29509.959,444,1789725886420.261,439,1789725886420.212,1789725886419.941,1789725886419.580,1789725886419.941,1789725886419.580,0.320,0.681,0.271,0.632,14899,7553
29575.063,445,1789725886486.982,440,1789725886486.933,1789725886487.605,1789725886488.866,1789725886487.605,1789725886488.866,-0.624,-1.884,-0.673,-1.933,14925,7567
29642.947,446,1789725886553.702,441,1789725886553.653,1789725886552.764,1789725886553.202,1789725886552.764,1789725886553.202,0.938,0.500,0.889,0.451,14952,7580
29710.081,447,1789725886620.423,442,1789725886620.374,1789725886620.428,1789725886622.488,1789725886620.428,1789725886622.488,-0.005,-2.065,-0.053,-2.114,14978,7594
29776.007,448,1789725886687.144,443,1789725886687.095,1789725886688.092,1789725886686.824,1789725886688.092,1789725886686.824,-0.948,0.320,-0.997,0.271,15005,7607
29845.232,449,1789725886753.865,444,1789725886753.816,1789725886753.249,1789725886756.107,1789725886753.249,1789725886756.107,0.616,-2.242,0.567,-2.291,15032,7621
29912.096,450,1789725886820.586,445,1789725886820.537,1789725886820.926,1789725886820.454,1789725886820.926,1789725886820.454,-0.341,0.132,-0.390,0.083,15059,7635
29977.239,451,1789725886887.307,446,1789725886887.257,1789725886886.125,1789725886889.779,1789725886886.125,1789725886884.829,1.182,-2.472,1.132,2.429,15085,7648
30046.694,452,1789725886954.026,447,1789725886953.977,1789725886953.832,1789725886954.156,1789725886953.832,1789725886954.156,0.194,-0.130,0.145,-0.179,15113,7662
30113.651,453,1789725887020.745,448,1789725887020.696,1789725887021.539,1789725887018.533,1789725887021.539,1789725887018.533,-0.794,2.212,-0.843,2.163,15140,7675
30178.592,454,1789725887087.464,449,1789725887087.415,1789725887086.740,1789725887087.863,1789725887086.740,1789725887087.863,0.724,-0.399,0.675,-0.448,15165,7688
30245.507,455,1789725887154.183,450,1789725887154.134,1789725887154.447,1789725887152.241,1789725887154.447,1789725887152.241,-0.264,1.941,-0.313,1.892,15192,7702
30312.517,456,1789725887220.902,451,1789725887220.853,1789725887219.649,1789725887221.579,1789725887219.649,1789725887221.579,1.253,-0.677,1.204,-0.726,15219,7715
30378.883,457,1789725887287.620,452,1789725887287.572,1789725887287.358,1789725887285.957,1789725887287.358,1789725887285.957,0.263,1.663,0.214,1.615,15245,7729
30446.691,458,1789725887354.339,453,1789725887354.290,1789725887355.067,1789725887355.293,1789725887355.067,1789725887355.293,-0.727,-0.953,-0.776,-1.002,15272,7742
30512.772,459,1789725887421.059,454,1789725887421.009,1789725887420.268,1789725887419.679,1789725887420.268,1789725887419.679,0.791,1.380,0.741,1.330,15298,7756
30579.218,460,1789725887487.778,455,1789725887487.729,1789725887487.978,1789725887489.017,1789725887487.978,1789725887489.017,-0.200,-1.239,-0.249,-1.288,15325,7769
30645.665,461,1789725887554.497,456,1789725887554.448,1789725887555.689,1789725887553.402,1789725887555.689,1789725887553.402,-1.193,1.094,-1.242,1.045,15352,7783
30715.096,462,1789725887621.215,457,1789725887621.166,1789725887620.892,1789725887622.743,1789725887620.892,1789725887622.743,0.323,-1.527,0.274,-1.576,15379,7797
30781.130,463,1789725887687.934,458,1789725887687.885,1789725887688.603,1789725887687.129,1789725887688.603,1789725887687.129,-0.669,0.805,-0.718,0.756,15406,7810
30845.003,464,1789725887754.653,459,1789725887754.604,1789725887753.806,1789725887756.468,1789725887753.806,1789725887756.468,0.847,-1.815,0.798,-1.865,15431,7823
30911.871,465,1789725887821.372,460,1789725887821.323,1789725887821.510,1789725887820.844,1789725887821.510,1789725887820.844,-0.138,0.528,-0.187,0.479,15458,7837
30978.783,466,1789725887888.090,461,1789725887888.041,1789725887889.183,1789725887890.138,1789725887889.183,1789725887890.138,-1.093,-2.048,-1.141,-2.097,15485,7850
31048.220,467,1789725887954.809,462,1789725887954.759,1789725887954.349,1789725887954.485,1789725887954.349,1789725887954.485,0.461,0.325,0.411,0.275,15512,7864
31113.475,468,1789725888021.527,463,1789725888021.478,1789725888022.021,1789725888023.781,1789725888022.021,1789725888023.781,-0.494,-2.254,-0.543,-2.303,15538,7877
31181.056,469,1789725888088.245,464,1789725888088.196,1789725888087.188,1789725888088.128,1789725888087.188,1789725888088.128,1.058,0.118,1.009,0.069,15565,7891
31248.088,470,1789725888154.963,465,1789725888154.914,1789725888154.860,1789725888157.427,1789725888154.860,1789725888152.478,0.103,-2.464,0.054,2.436,15592,7904
31318.602,471,1789725888221.681,466,1789725888221.632,1789725888222.532,1789725888221.780,1789725888222.532,1789725888221.780,-0.851,-0.099,-0.900,-0.148,15620,7919
31380.761,472,1789725888288.399,467,1789725888288.350,1789725888287.697,1789725888286.132,1789725888287.697,1789725888286.132,0.702,2.267,0.653,2.218,15645,7931
31448.436,473,1789725888355.117,468,1789725888355.068,1789725888355.368,1789725888355.435,1789725888355.368,1789725888355.435,-0.251,-0.319,-0.301,-0.368,15672,7945
31513.933,474,1789725888421.834,469,1789725888421.785,1789725888423.040,1789725888419.787,1789725888420.534,1789725888419.787,-1.205,2.047,1.251,1.998,15698,7958
31580.050,475,1789725888488.553,470,1789725888488.503,1789725888488.205,1789725888489.088,1789725888488.205,1789725888489.088,0.348,-0.534,0.298,-0.584,15725,7971
31647.333,476,1789725888555.271,471,1789725888555.222,1789725888555.876,1789725888553.438,1789725888555.876,1789725888553.438,-0.605,1.833,-0.654,1.784,15751,7985
31713.810,477,1789725888621.989,472,1789725888621.939,1789725888621.040,1789725888622.738,1789725888621.040,1789725888622.738,0.949,-0.749,0.900,-0.798,15778,7999
31781.150,478,1789725888688.706,473,1789725888688.657,1789725888688.710,1789725888687.084,1789725888688.710,1789725888687.084,-0.004,1.622,-0.053,1.573,15805,8012
31848.030,479,1789725888755.424,474,1789725888755.375,1789725888756.380,1789725888756.384,1789725888756.380,1789725888756.384,-0.957,-0.961,-1.006,-1.010,15831,8026
31913.771,480,1789725888822.141,475,1789725888822.092,1789725888821.545,1789725888820.734,1789725888821.545,1789725888820.734,0.596,1.407,0.547,1.358,15858,8039
31980.365,481,1789725888888.859,476,1789725888888.810,1789725888889.219,1789725888890.037,1789725888889.219,1789725888890.037,-0.361,-1.178,-0.409,-1.227,15884,8052
32047.234,482,1789725888955.579,477,1789725888955.530,1789725888954.387,1789725888954.389,1789725888954.387,1789725888954.389,1.192,1.190,1.143,1.141,15911,8066
32112.845,483,1789725889022.301,478,1789725889022.251,1789725889022.061,1789725889023.692,1789725889022.061,1789725889023.692,0.240,-1.391,0.190,-1.441,15937,8079
32178.965,484,1789725889089.021,479,1789725889088.972,1789725889089.735,1789725889088.044,1789725889089.735,1789725889088.044,-0.713,0.978,-0.762,0.928,15963,8093
32245.759,485,1789725889155.742,480,1789725889155.693,1789725889154.901,1789725889157.346,1789725889154.901,1789725889157.346,0.841,-1.604,0.792,-1.653,15990,8106
32312.303,486,1789725889222.462,481,1789725889222.414,1789725889222.575,1789725889221.699,1789725889222.575,1789725889221.699,-0.112,0.763,-0.161,0.715,16017,8119
32378.850,487,1789725889289.183,482,1789725889289.134,1789725889290.249,1789725889291.003,1789725889290.249,1789725889291.003,-1.066,-1.820,-1.115,-1.869,16043,8133
32444.708,488,1789725889355.904,483,1789725889355.855,1789725889355.416,1789725889355.354,1789725889355.416,1789725889355.354,0.488,0.550,0.439,0.501,16070,8146
32513.184,489,1789725889422.625,484,1789725889422.575,1789725889423.089,1789725889424.657,1789725889423.089,1789725889424.657,-0.464,-2.033,-0.513,-2.082,16097,8160
32579.474,490,1789725889489.345,485,1789725889489.296,1789725889488.255,1789725889489.007,1789725889488.255,1789725889489.007,1.090,0.338,1.041,0.289,16123,8173
32645.275,491,1789725889556.067,486,1789725889556.017,1789725889555.928,1789725889558.309,1789725889555.928,1789725889558.309,0.139,-2.241,0.089,-2.292,16150,8187
32712.438,492,1789725889622.788,487,1789725889622.739,1789725889623.601,1789725889622.660,1789725889623.601,1789725889622.660,-0.813,0.128,-0.862,0.079,16176,8200
32780.299,493,1789725889689.509,488,1789725889689.460,1789725889688.768,1789725889691.961,1789725889688.768,1789725889687.011,0.741,-2.453,0.692,2.448,16203,8214
32845.721,494,1789725889756.229,489,1789725889756.181,1789725889756.441,1789725889756.309,1789725889756.441,1789725889756.309,-0.211,-0.079,-0.260,-0.128,16229,8227
32927.641,495,1789725889822.950,489,1789725889756.181,1789725889824.113,1789725889820.656,1789725889756.441,1789725889756.309,-1.163,2.295,-0.260,-0.128,16262,8244
32979.873,496,1789725889889.671,491,1789725889889.622,1789725889889.276,1789725889889.946,1789725889889.276,1789725889889.946,0.395,-0.275,0.346,-0.324,16283,8254
33050.671,497,1789725889956.392,492,1789725889956.343,1789725889956.944,1789725889954.283,1789725889956.944,1789725889954.283,-0.552,2.108,-0.601,2.059,16311,8269
33117.038,498,1789725890023.112,493,1789725890023.063,1789725890022.104,1789725890023.568,1789725890022.104,1789725890023.568,1.008,-0.456,0.959,-0.505,16338,8282
33184.635,499,1789725890089.833,494,1789725890089.783,1789725890089.770,1789725890087.909,1789725890089.770,1789725890087.909,0.063,1.925,0.013,1.875,16364,8296
33251.790,500,1789725890156.554,495,1789725890156.505,1789725890157.436,1789725890157.195,1789725890157.436,1789725890157.195,-0.883,-0.642,-0.932,-0.691,16391,8309
33318.014,501,1789725890223.274,496,1789725890223.225,1789725890222.596,1789725890221.530,1789725890222.596,1789725890221.530,0.678,1.744,0.629,1.695,16418,8323
33385.584,502,1789725890289.994,497,1789725890289.945,1789725890290.263,1789725890290.817,1789725890290.263,1789725890290.817,-0.268,-0.823,-0.317,-0.872,16445,8336
33447.637,503,1789725890356.715,498,1789725890356.666,1789725890357.928,1789725890355.150,1789725890355.422,1789725890355.150,-1.213,1.565,1.244,1.516,16469,8349
33517.988,504,1789725890423.435,499,1789725890423.386,1789725890423.087,1789725890424.435,1789725890423.087,1789725890424.435,0.348,-1.000,0.299,-1.049,16498,8363
33583.277,505,1789725890490.155,500,1789725890490.106,1789725890490.752,1789725890488.770,1789725890490.752,1789725890488.770,-0.597,1.385,-0.646,1.336,16524,8376
33653.327,506,1789725890556.875,501,1789725890556.827,1789725890555.911,1789725890558.054,1789725890555.911,1789725890558.054,0.965,-1.179,0.916,-1.228,16552,8390
33717.805,507,1789725890623.597,502,1789725890623.547,1789725890623.577,1789725890622.388,1789725890623.577,1789725890622.388,0.020,1.209,-0.030,1.159,16577,8403
33785.448,508,1789725890690.317,503,1789725890690.268,1789725890691.241,1789725890691.675,1789725890691.241,1789725890691.675,-0.924,-1.358,-0.973,-1.407,16604,8417
33851.237,509,1789725890757.038,504,1789725890756.989,1789725890756.399,1789725890756.014,1789725890756.399,1789725890756.014,0.638,1.023,0.589,0.974,16631,8430
33917.757,510,1789725890823.758,505,1789725890823.709,1789725890824.063,1789725890825.300,1789725890824.063,1789725890825.300,-0.305,-1.542,-0.354,-1.591,16657,8444
33985.195,511,1789725890890.478,506,1789725890890.429,1789725890889.229,1789725890889.646,1789725890889.229,1789725890889.646,1.249,0.833,1.200,0.784,16684,8457
34052.316,512,1789725890957.199,507,1789725890957.149,1789725890956.902,1789725890958.938,1789725890956.902,1789725890958.938,0.297,-1.740,0.248,-1.789,16711,8471
34118.762,513,1789725891024.691,508,1789725891024.642,1789725891024.574,1789725891023.282,1789725891024.574,1789725891023.282,0.117,1.409,0.068,1.359,16737,8484
34185.134,514,1789725891092.193,509,1789725891092.144,1789725891092.246,1789725891092.576,1789725891092.246,1789725891092.576,-0.052,-0.383,-0.102,-0.432,16764,8498
34252.243,515,1789725891159.706,510,1789725891159.656,1789725891159.918,1789725891161.868,1789725891159.918,1789725891161.868,-0.211,-2.162,-0.262,-2.213,16791,8511
34317.992,516,1789725891227.228,511,1789725891227.179,1789725891227.589,1789725891226.212,1789725891227.589,1789725891226.212,-0.361,1.017,-0.411,0.967,16817,8525
34384.977,517,1789725891294.760,512,1789725891294.710,1789725891295.262,1789725891295.500,1789725891295.262,1789725891295.500,-0.502,-0.740,-0.551,-0.789,16843,8538
34452.065,518,1789725891362.302,513,1789725891362.252,1789725891362.933,1789725891359.839,1789725891362.933,1789725891359.839,-0.631,2.463,-0.681,2.414,16870,8552
34518.017,519,1789725891429.853,514,1789725891429.804,1789725891430.604,1789725891429.130,1789725891430.604,1789725891429.130,-0.751,0.724,-0.801,0.674,16897,8565
34583.147,520,1789725891497.415,515,1789725891497.365,1789725891498.275,1789725891498.419,1789725891498.275,1789725891498.419,-0.861,-1.004,-0.910,-1.054,16923,8578
34646.066,521,1789725891564.986,516,1789725891564.937,1789725891565.946,1789725891562.759,1789725891565.946,1789725891562.759,-0.960,2.227,-1.010,2.178,16948,8591
34719.576,522,1789725891632.567,517,1789725891632.518,1789725891633.617,1789725891632.049,1789725891633.617,1789725891632.049,-1.050,0.518,-1.099,0.469,16977,8606
34785.671,523,1789725891700.159,518,1789725891700.109,1789725891701.287,1789725891701.341,1789725891701.287,1789725891701.341,-1.128,-1.182,-1.178,-1.232,17003,8619
34852.983,524,1789725891767.760,519,1789725891767.711,1789725891768.959,1789725891765.683,1789725891768.959,1789725891765.683,-1.198,2.077,-1.248,2.028,17030,8633
34918.723,525,1789725891835.371,520,1789725891835.322,1789725891834.122,1789725891834.976,1789725891834.122,1789725891834.976,1.249,0.395,1.199,0.345,17057,8646
34985.586,526,1789725891902.992,521,1789725891902.943,1789725891901.798,1789725891904.277,1789725891901.798,1789725891904.277,1.194,-1.284,1.145,-1.334,17083,8659
35052.814,527,1789725891970.611,522,1789725891970.562,1789725891970.047,1789725891969.191,1789725891970.047,1789725891969.191,0.564,1.420,0.515,1.371,17110,8673
35119.186,528,1789725892037.257,523,1789725892037.208,1789725892038.501,1789725892039.291,1789725892035.966,1789725892039.291,-1.244,-2.034,1.242,-2.083,17136,8686
35185.823,529,1789725892103.902,524,1789725892103.853,1789725892104.429,1789725892104.390,1789725892104.429,1789725892104.390,-0.528,-0.488,-0.576,-0.537,17163,8700
35252.660,530,1789725892170.545,525,1789725892170.496,1789725892170.366,1789725892169.498,1789725892170.366,1789725892169.498,0.179,1.047,0.130,0.998,17190,8713
35318.595,531,1789725892237.188,526,1789725892237.139,1789725892236.313,1789725892239.626,1789725892236.313,1789725892239.626,0.876,-2.438,0.826,-2.488,17216,8727
35386.294,532,1789725892303.829,527,1789725892303.781,1789725892304.804,1789725892304.756,1789725892304.804,1789725892304.756,-0.975,-0.927,-1.024,-0.975,17243,8740
35452.571,533,1789725892370.469,528,1789725892370.420,1789725892370.768,1789725892369.893,1789725892370.768,1789725892369.893,-0.300,0.576,-0.348,0.527,17269,8754
35519.539,534,1789725892437.107,529,1789725892437.058,1789725892436.742,1789725892435.039,1789725892436.742,1789725892435.039,0.365,2.069,0.316,2.020,17296,8767
35588.150,535,1789725892503.744,530,1789725892503.695,1789725892502.724,1789725892505.204,1789725892502.724,1789725892505.204,1.020,-1.460,0.971,-1.509,17323,8781
35653.711,536,1789725892570.380,531,1789725892570.331,1789725892571.254,1789725892570.368,1789725892571.254,1789725892570.368,-0.874,0.012,-0.923,-0.037,17350,8794
35720.686,537,1789725892637.014,532,1789725892636.965,1789725892637.254,1789725892635.538,1789725892637.254,1789725892635.538,-0.240,1.475,-0.289,1.427,17376,8808
35786.495,538,1789725892703.647,533,1789725892703.598,1789725892703.264,1789725892705.730,1789725892703.264,1789725892705.730,0.383,-2.084,0.334,-2.133,17403,8821
35853.899,539,1789725892770.279,534,1789725892770.229,1789725892769.282,1789725892770.918,1789725892769.282,1789725892770.918,0.997,-0.639,0.947,-0.689,17429,8835
35918.652,540,1789725892836.910,535,1789725892836.861,1789725892837.851,1789725892836.116,1789725892837.851,1789725892836.116,-0.941,0.793,-0.990,0.745,17455,8848
35984.638,541,1789725892903.539,536,1789725892903.490,1789725892903.887,1789725892901.324,1789725892903.887,1789725892901.324,-0.349,2.215,-0.398,2.166,17481,8861
36052.707,542,1789725892970.168,537,1789725892970.119,1789725892969.395,1789725892970.994,1789725892969.395,1789725892970.994,0.773,-0.826,0.724,-0.875,17509,8875
36120.233,543,1789725893036.826,538,1789725893036.777,1789725893036.981,1789725893035.258,1789725893036.981,1789725893035.258,-0.156,1.568,-0.205,1.519,17536,8889
36186.719,544,1789725893103.482,539,1789725893103.433,1789725893104.564,1789725893104.464,1789725893104.564,1789725893104.464,-1.083,-0.982,-1.132,-1.031,17562,8902
36253.774,545,1789725893170.136,540,1789725893170.087,1789725893169.643,1789725893168.726,1789725893169.643,1789725893168.726,0.493,1.410,0.444,1.361,17589,8916
36320.237,546,1789725893236.790,541,1789725893236.741,1789725893237.223,1789725893237.931,1789725893237.223,1789725893237.931,-0.433,-1.141,-0.482,-1.190,17616,8929
36387.252,547,1789725893303.444,542,1789725893303.394,1789725893302.300,1789725893302.190,1789725893302.300,1789725893302.190,1.144,1.254,1.094,1.204,17642,8943
36453.632,548,1789725893370.095,543,1789725893370.046,1789725893369.877,1789725893371.390,1789725893369.877,1789725893371.390,0.218,-1.296,0.169,-1.344,17669,8956
36520.209,549,1789725893436.745,544,1789725893436.696,1789725893437.452,1789725893435.649,1789725893437.452,1789725893435.649,-0.707,1.096,-0.756,1.047,17695,8970
36587.466,550,1789725893503.394,545,1789725893503.345,1789725893502.524,1789725893504.846,1789725893502.524,1789725893504.846,0.870,-1.453,0.821,-1.502,17722,8983
36653.906,551,1789725893570.042,546,1789725893569.992,1789725893570.096,1789725893569.099,1789725893570.096,1789725893569.099,-0.055,0.942,-0.104,0.893,17749,8996
36720.187,552,1789725893636.688,547,1789725893636.639,1789725893637.667,1789725893638.291,1789725893637.667,1789725893638.291,-0.979,-1.603,-1.028,-1.652,17775,9010
36787.645,553,1789725893703.333,548,1789725893703.284,1789725893702.735,1789725893702.540,1789725893702.735,1789725893702.540,0.598,0.793,0.549,0.744,17802,9024
36854.275,554,1789725893769.977,549,1789725893769.928,1789725893770.302,1789725893771.730,1789725893770.302,1789725893771.730,-0.325,-1.753,-0.374,-1.802,17829,9037
36920.987,555,1789725893836.621,550,1789725893836.571,1789725893837.868,1789725893835.976,1789725893835.366,1789725893835.976,-1.247,0.646,1.205,0.595,17855,9050
36985.286,556,1789725893903.263,551,1789725893903.214,1789725893902.930,1789725893905.163,1789725893902.930,1789725893905.163,0.333,-1.900,0.284,-1.948,17881,9063
37054.172,557,1789725893969.905,552,1789725893969.856,1789725893970.538,1789725893969.451,1789725893970.538,1789725893969.451,-0.633,0.454,-0.681,0.406,17908,9077
37120.406,558,1789725894036.550,553,1789725894036.501,1789725894035.640,1789725894038.678,1789725894035.640,1789725894038.678,0.910,-2.128,0.861,-2.177,17935,9091
37187.778,559,1789725894103.194,554,1789725894103.145,1789725894103.244,1789725894102.961,1789725894103.244,1789725894102.961,-0.051,0.233,-0.099,0.184,17962,9104
37253.976,560,1789725894169.836,555,1789725894169.787,1789725894170.848,1789725894172.192,1789725894170.848,1789725894172.192,-1.011,-2.356,-1.061,-2.405,17988,9118
37321.133,561,1789725894236.477,556,1789725894236.428,1789725894235.947,1789725894236.478,1789725894235.947,1789725894236.478,0.530,-0.001,0.481,-0.050,18015,9131
37387.159,562,1789725894303.117,557,1789725894303.068,1789725894303.548,1789725894300.761,1789725894303.548,1789725894300.761,-0.431,2.355,-0.480,2.307,18041,9145
37454.308,563,1789725894369.756,558,1789725894369.706,1789725894368.644,1789725894369.983,1789725894368.644,1789725894369.983,1.112,-0.227,1.062,-0.277,18068,9158
37521.203,564,1789725894436.393,559,1789725894436.344,1789725894436.244,1789725894434.259,1789725894436.244,1789725894434.259,0.149,2.135,0.100,2.085,18094,9172
37586.663,565,1789725894503.029,560,1789725894502.980,1789725894503.842,1789725894503.476,1789725894503.842,1789725894503.476,-0.813,-0.447,-0.862,-0.496,18121,9185
37656.575,566,1789725894569.663,561,1789725894569.614,1789725894568.935,1789725894567.746,1789725894568.935,1789725894567.746,0.728,1.917,0.679,1.869,18149,9199
37721.227,567,1789725894636.296,562,1789725894636.247,1789725894636.531,1789725894636.963,1789725894636.531,1789725894636.963,-0.235,-0.667,-0.284,-0.716,18174,9212
37787.803,568,1789725894702.928,563,1789725894702.879,1789725894704.127,1789725894701.236,1789725894704.127,1789725894701.236,-1.199,1.692,-1.248,1.643,18201,9226
37848.674,569,1789725894769.558,564,1789725894769.509,1789725894769.217,1789725894770.455,1789725894769.217,1789725894770.455,0.342,-0.897,0.292,-0.946,18225,9238
37922.337,570,1789725894836.188,565,1789725894836.138,1789725894836.811,1789725894834.730,1789725894836.811,1789725894834.730,-0.623,1.457,-0.672,1.408,18255,9253
37987.563,571,1789725894902.816,566,1789725894902.766,1789725894901.899,1789725894903.945,1789725894901.899,1789725894903.945,0.917,-1.129,0.868,-1.178,18281,9266
38054.131,572,1789725894969.445,567,1789725894969.396,1789725894969.517,1789725894968.237,1789725894969.517,1789725894968.237,-0.072,1.207,-0.121,1.158,18307,9279
38121.210,573,1789725895036.086,568,1789725895036.037,1789725895037.123,1789725895037.467,1789725895037.123,1789725895037.467,-1.037,-1.381,-1.086,-1.430,18334,9293
38188.064,574,1789725895102.726,569,1789725895102.677,1789725895102.224,1789725895101.751,1789725895102.224,1789725895101.751,0.501,0.975,0.452,0.926,18361,9306
38254.863,575,1789725895169.365,570,1789725895169.315,1789725895169.828,1789725895170.978,1789725895169.828,1789725895170.978,-0.463,-1.613,-0.512,-1.662,18387,9320
38321.413,576,1789725895236.001,571,1789725895235.953,1789725895234.927,1789725895235.260,1789725895234.927,1789725895235.260,1.074,0.741,1.026,0.692,18414,9333
38388.814,577,1789725895302.637,572,1789725895302.588,1789725895302.528,1789725895304.488,1789725895302.528,1789725895304.488,0.110,-1.850,0.061,-1.899,18441,9347
38454.564,578,1789725895369.272,573,1789725895369.223,1789725895370.127,1789725895368.766,1789725895370.127,1789725895368.766,-0.856,0.505,-0.905,0.457,18467,9360
38521.575,579,1789725895435.906,574,1789725895435.856,1789725895435.222,1789725895437.989,1789725895435.222,1789725895437.989,0.684,-2.083,0.634,-2.133,18494,9374
38588.621,580,1789725895502.538,575,1789725895502.489,1789725895502.820,1789725895502.265,1789725895502.820,1789725895502.265,-0.282,0.273,-0.332,0.224,18520,9387
38655.427,581,1789725895569.168,576,1789725895569.119,1789725895570.416,1789725895571.482,1789725895567.912,1789725895571.482,-1.248,-2.314,1.207,-2.363,18547,9401
38722.301,582,1789725895635.797,577,1789725895635.748,1789725895635.507,1789725895635.756,1789725895635.507,1789725895635.756,0.290,0.041,0.241,-0.008,18574,9414
38787.364,583,1789725895702.424,578,1789725895702.375,1789725895703.100,1789725895700.030,1789725895703.100,1789725895700.030,-0.676,2.394,-0.725,2.345,18600,9428
38849.988,584,1789725895769.050,579,1789725895769.001,1789725895768.189,1789725895769.248,1789725895768.189,1789725895769.248,0.861,-0.198,0.812,-0.247,18625,9440
38921.374,585,1789725895835.675,580,1789725895835.626,1789725895835.780,1789725895833.517,1789725895835.780,1789725895833.517,-0.105,2.158,-0.154,2.109,18653,9455
38989.104,586,1789725895902.298,581,1789725895902.250,1789725895903.371,1789725895902.729,1789725895903.371,1789725895902.729,-1.073,-0.430,-1.121,-0.479,18680,9468
39055.544,587,1789725895968.923,582,1789725895968.873,1789725895968.466,1789725895967.007,1789725895968.466,1789725895967.007,0.457,1.916,0.407,1.866,18707,9482
39122.471,588,1789725896035.568,583,1789725896035.519,1789725896036.105,1789725896036.277,1789725896036.105,1789725896036.277,-0.537,-0.709,-0.586,-0.758,18733,9495
39189.344,589,1789725896102.212,584,1789725896102.163,1789725896101.220,1789725896100.578,1789725896101.220,1789725896100.578,0.992,1.634,0.943,1.585,18760,9509
39255.989,590,1789725896168.854,585,1789725896168.805,1789725896168.837,1789725896169.827,1789725896168.837,1789725896169.827,0.017,-0.973,-0.032,-1.022,18787,9522
39322.861,591,1789725896235.496,586,1789725896235.447,1789725896236.453,1789725896234.130,1789725896236.453,1789725896234.130,-0.958,1.366,-1.007,1.317,18814,9536
39389.187,592,1789725896302.135,587,1789725896302.087,1789725896301.565,1789725896303.375,1789725896301.565,1789725896303.375,0.570,-1.240,0.521,-1.289,18840,9549
39451.156,593,1789725896368.774,588,1789725896368.725,1789725896369.179,1789725896367.669,1789725896369.179,1789725896367.669,-0.405,1.105,-0.454,1.056,18865,9562
39523.478,594,1789725896435.411,589,1789725896435.363,1789725896434.288,1789725896436.906,1789725896434.288,1789725896436.906,1.123,-1.494,1.074,-1.543,18893,9576
39589.412,595,1789725896502.048,590,1789725896501.999,1789725896501.901,1789725896501.197,1789725896501.901,1789725896501.197,0.147,0.851,0.097,0.802,18920,9589
39656.220,596,1789725896568.683,591,1789725896568.634,1789725896569.512,1789725896570.429,1789725896569.512,1789725896570.429,-0.829,-1.746,-0.878,-1.795,18946,9603
39723.334,597,1789725896635.317,592,1789725896635.268,1789725896634.618,1789725896634.719,1789725896634.618,1789725896634.719,0.698,0.598,0.649,0.549,18973,9616
39789.697,598,1789725896701.949,593,1789725896701.900,1789725896702.228,1789725896703.955,1789725896702.228,1789725896703.955,-0.279,-2.007,-0.328,-2.056,19000,9630
39856.210,599,1789725896768.579,594,1789725896768.531,1789725896767.332,1789725896768.245,1789725896767.332,1789725896768.245,1.248,0.334,1.199,0.286,19026,9643
39923.268,600,1789725896835.209,595,1789725896835.160,1789725896834.939,1789725896837.478,1789725896834.939,1789725896837.478,0.270,-2.269,0.221,-2.318,19053,9657
39989.314,601,1789725896901.837,596,1789725896901.788,1789725896902.546,1789725896901.761,1789725896902.546,1789725896901.761,-0.708,0.076,-0.757,0.027,19079,9670
40070.741,602,1789725896968.474,596,1789725896901.788,1789725896967.646,1789725896966.044,1789725896902.546,1789725896901.761,0.827,2.429,-0.757,0.027,19112,9687
40123.240,603,1789725897035.110,598,1789725897035.060,1789725897035.269,1789725897035.296,1789725897035.269,1789725897035.296,-0.159,-0.187,-0.209,-0.236,19133,9697
40190.958,604,1789725897101.743,599,1789725897101.694,1789725897102.870,1789725897099.581,1789725897102.870,1789725897099.581,-1.126,2.162,-1.175,2.114,19160,9711
40256.555,605,1789725897168.375,600,1789725897168.326,1789725897167.965,1789725897168.807,1789725897167.965,1789725897168.807,0.410,-0.432,0.361,-0.481,19186,9724
40323.363,606,1789725897235.006,601,1789725897234.957,1789725897235.563,1789725897233.085,1789725897235.563,1789725897233.085,-0.557,1.921,-0.606,1.872,19213,9738
40390.210,607,1789725897301.635,602,1789725897301.586,1789725897300.657,1789725897302.308,1789725897300.657,1789725897302.308,0.978,-0.673,0.929,-0.722,19239,9751
40460.139,608,1789725897368.263,603,1789725897368.214,1789725897368.252,1789725897366.584,1789725897368.252,1789725897366.584,0.010,1.679,-0.038,1.630,19267,9765
40519.635,609,1789725897434.889,604,1789725897434.840,1789725897435.848,1789725897435.804,1789725897435.848,1789725897435.804,-0.958,-0.914,-1.007,-0.963,19291,9777
40584.110,610,1789725897501.514,605,1789725897501.465,1789725897500.937,1789725897500.081,1789725897500.937,1789725897500.081,0.577,1.433,0.529,1.385,19317,9790
40650.922,611,1789725897568.139,606,1789725897568.089,1789725897568.528,1789725897569.300,1789725897568.528,1789725897569.300,-0.390,-1.162,-0.440,-1.212,19343,9804
40717.670,612,1789725897634.761,607,1789725897634.712,1789725897633.616,1789725897633.577,1789725897633.616,1789725897633.577,1.145,1.184,1.096,1.135,19370,9817
40784.945,613,1789725897701.381,608,1789725897701.332,1789725897701.205,1789725897702.796,1789725897701.205,1789725897702.796,0.176,-1.415,0.127,-1.463,19397,9831
40856.492,614,1789725897768.000,609,1789725897767.951,1789725897768.792,1789725897767.067,1789725897768.792,1789725897767.067,-0.792,0.933,-0.841,0.885,19425,9845
40923.492,615,1789725897834.618,610,1789725897834.569,1789725897833.876,1789725897836.281,1789725897833.876,1789725897836.281,0.741,-1.663,0.693,-1.712,19452,9859
40991.102,616,1789725897901.236,611,1789725897901.187,1789725897901.461,1789725897900.544,1789725897901.461,1789725897900.544,-0.226,0.692,-0.275,0.643,19479,9873
41057.554,617,1789725897967.971,612,1789725897967.922,1789725897969.046,1789725897969.751,1789725897969.046,1789725897969.751,-1.075,-1.780,-1.124,-1.829,19506,9886
41124.823,618,1789725898034.627,613,1789725898034.578,1789725898034.165,1789725898034.053,1789725898034.165,1789725898034.053,0.462,0.574,0.414,0.525,19532,9900
41190.932,619,1789725898101.283,614,1789725898101.233,1789725898101.776,1789725898103.290,1789725898101.776,1789725898103.290,-0.493,-2.006,-0.543,-2.056,19559,9913
41257.536,620,1789725898167.937,615,1789725898167.888,1789725898166.883,1789725898167.578,1789725898166.883,1789725898167.578,1.054,0.360,1.005,0.311,19585,9926
41324.559,621,1789725898234.590,616,1789725898234.541,1789725898234.492,1789725898236.809,1789725898234.492,1789725898236.809,0.097,-2.219,0.049,-2.268,19612,9940
41391.056,622,1789725898301.241,617,1789725898301.192,1789725898302.100,1789725898301.093,1789725898302.100,1789725898301.093,-0.859,0.148,-0.908,0.099,19639,9953
41453.536,623,1789725898367.892,618,1789725898367.843,1789725898367.204,1789725898370.321,1789725898367.204,1789725898365.376,0.688,-2.429,0.639,2.467,19664,9966
41524.154,624,1789725898434.541,619,1789725898434.492,1789725898434.809,1789725898434.607,1789725898434.809,1789725898434.607,-0.268,-0.067,-0.317,-0.115,19692,9980
41587.028,625,1789725898501.189,620,1789725898501.140,1789725898502.413,1789725898498.889,1789725898499.910,1789725898498.889,-1.225,2.299,1.229,2.250,19717,9993
41652.445,626,1789725898567.835,621,1789725898567.786,1789725898567.513,1789725898568.115,1789725898567.513,1789725898568.115,0.322,-0.280,0.273,-0.329,19743,10006
41722.677,627,1789725898634.482,622,1789725898634.432,1789725898635.115,1789725898632.397,1789725898635.115,1789725898632.397,-0.633,2.085,-0.683,2.035,19771,10020
41791.115,628,1789725898701.126,623,1789725898701.077,1789725898700.212,1789725898701.626,1789725898700.212,1789725898701.626,0.914,-0.500,0.865,-0.549,19798,10034
41858.291,629,1789725898767.769,624,1789725898767.720,1789725898767.812,1789725898765.907,1789725898767.812,1789725898765.907,-0.042,1.862,-0.091,1.813,19825,10048
41924.887,630,1789725898834.411,625,1789725898834.362,1789725898835.411,1789725898835.132,1789725898835.411,1789725898835.132,-1.000,-0.721,-1.048,-0.770,19852,10061
41991.449,631,1789725898901.052,626,1789725898901.003,1789725898900.504,1789725898899.407,1789725898900.504,1789725898899.407,0.548,1.645,0.499,1.596,19878,10075
42058.149,632,1789725898967.693,627,1789725898967.644,1789725898968.100,1789725898968.624,1789725898968.100,1789725898968.624,-0.408,-0.931,-0.457,-0.980,19905,10088
42125.212,633,1789725899034.334,628,1789725899034.285,1789725899033.212,1789725899032.917,1789725899033.212,1789725899032.917,1.122,1.417,1.073,1.367,19932,10102
42191.561,634,1789725899100.974,629,1789725899100.925,1789725899100.816,1789725899102.146,1789725899100.816,1789725899102.146,0.157,-1.173,0.109,-1.222,19958,10115
42257.218,635,1789725899167.613,630,1789725899167.563,1789725899168.420,1789725899166.429,1789725899168.420,1789725899166.429,-0.807,1.184,-0.856,1.134,19984,10128
42325.284,636,1789725899234.250,631,1789725899234.201,1789725899233.517,1789725899235.656,1789725899233.517,1789725899235.656,0.733,-1.405,0.684,-1.454,20011,10142
42391.437,637,1789725899300.886,632,1789725899300.837,1789725899301.117,1789725899299.936,1789725899301.117,1789725899299.936,-0.231,0.950,-0.280,0.901,20038,10155
42458.029,638,1789725899367.520,633,1789725899367.471,1789725899368.717,1789725899369.156,1789725899368.717,1789725899369.156,-1.197,-1.635,-1.246,-1.684,20064,10169
42525.055,639,1789725899434.153,634,1789725899434.104,1789725899433.811,1789725899433.430,1789725899433.811,1789725899433.430,0.342,0.723,0.293,0.674,20091,10183
42591.318,640,1789725899500.784,635,1789725899500.735,1789725899501.408,1789725899502.651,1789725899501.408,1789725899502.651,-0.624,-1.866,-0.673,-1.915,20117,10196
42658.054,641,1789725899567.414,636,1789725899567.365,1789725899566.500,1789725899566.926,1789725899566.500,1789725899566.926,0.915,0.488,0.866,0.439,20144,10209
42723.822,642,1789725899634.043,637,1789725899633.994,1789725899634.094,1789725899636.145,1789725899634.094,1789725899636.145,-0.051,-2.102,-0.100,-2.150,20170,10223
42790.575,643,1789725899700.671,638,1789725899700.621,1789725899701.687,1789725899700.416,1789725899701.687,1789725899700.416,-1.016,0.256,-1.066,0.206,20197,10236
42857.783,644,1789725899767.297,639,1789725899767.248,1789725899766.775,1789725899769.634,1789725899766.775,1789725899769.634,0.522,-2.337,0.474,-2.385,20224,10250
42924.715,645,1789725899833.922,640,1789725899833.873,1789725899834.366,1789725899833.904,1789725899834.366,1789725899833.904,-0.444,0.017,-0.493,-0.031,20250,10263
42991.620,646,1789725899900.545,641,1789725899900.496,1789725899899.451,1789725899898.177,1789725899899.451,1789725899898.177,1.094,2.368,1.045,2.319,20277,10277
43058.126,647,1789725899967.168,642,1789725899967.119,1789725899967.040,1789725899967.393,1789725899967.040,1789725899967.393,0.128,-0.225,0.079,-0.274,20304,10290
43126.059,648,1789725900033.812,643,1789725900033.763,1789725900034.645,1789725900031.684,1789725900034.645,1789725900031.684,-0.833,2.128,-0.882,2.079,20331,10304
43191.313,649,1789725900100.455,644,1789725900100.406,1789725900099.734,1789725900100.910,1789725900099.734,1789725900100.910,0.721,-0.455,0.673,-0.504,20357,10317
43258.314,650,1789725900167.097,645,1789725900167.048,1789725900167.326,1789725900165.191,1789725900167.326,1789725900165.191,-0.229,1.906,-0.278,1.857,20384,10331
43325.359,651,1789725900233.739,646,1789725900233.689,1789725900234.916,1789725900234.413,1789725900234.916,1789725900234.413,-1.177,-0.675,-1.227,-0.725,20410,10344
43393.108,652,1789725900300.378,647,1789725900300.329,1789725900300.001,1789725900298.688,1789725900300.001,1789725900298.688,0.377,1.690,0.328,1.641,20437,10358
43458.943,653,1789725900367.016,648,1789725900366.967,1789725900367.588,1789725900367.903,1789725900367.588,1789725900367.903,-0.572,-0.888,-0.621,-0.937,20464,10371
43525.827,654,1789725900433.652,649,1789725900433.603,1789725900432.671,1789725900432.173,1789725900432.671,1789725900432.173,0.982,1.479,0.933,1.430,20490,10385
43593.008,655,1789725900500.287,650,1789725900500.239,1789725900500.254,1789725900501.385,1789725900500.254,1789725900501.385,0.033,-1.097,-0.016,-1.146,20517,10398
43658.720,656,1789725900566.921,651,1789725900566.872,1789725900567.836,1789725900565.652,1789725900567.836,1789725900565.652,-0.915,1.269,-0.964,1.220,20543,10411
43726.583,657,1789725900633.554,652,1789725900633.505,1789725900632.915,1789725900634.858,1789725900632.915,1789725900634.858,0.639,-1.304,0.590,-1.353,20570,10425
43792.470,658,1789725900700.185,653,1789725900700.136,1789725900700.494,1789725900699.120,1789725900700.494,1789725900699.120,-0.309,1.065,-0.358,1.016,20597,10438
43858.037,659,1789725900766.816,654,1789725900766.766,1789725900765.570,1789725900768.328,1789725900765.570,1789725900768.328,1.246,-1.512,1.196,-1.562,20623,10452
43921.961,660,1789725900833.444,655,1789725900833.396,1789725900833.146,1789725900832.588,1789725900833.146,1789725900832.588,0.298,0.856,0.249,0.807,20648,10465
43993.252,661,1789725900900.072,656,1789725900900.023,1789725900900.721,1789725900901.790,1789725900900.721,1789725900901.790,-0.650,-1.718,-0.698,-1.767,20677,10479
44060.368,662,1789725900966.698,657,1789725900966.649,1789725900965.793,1789725900966.045,1789725900965.793,1789725900966.045,0.906,0.653,0.857,0.604,20703,10493
44126.907,663,1789725901033.343,658,1789725901033.294,1789725901033.373,1789725901035.254,1789725901033.373,1789725901035.254,-0.030,-1.911,-0.079,-1.960,20730,10506
44193.298,664,1789725901099.986,659,1789725901099.937,1789725901100.991,1789725901099.550,1789725901100.991,1789725901099.550,-1.006,0.436,-1.055,0.387,20757,10519
44259.132,665,1789725901166.627,660,1789725901166.578,1789725901166.097,1789725901168.792,1789725901166.097,1789725901168.792,0.530,-2.165,0.481,-2.214,20783,10533
44326.747,666,1789725901233.268,661,1789725901233.219,1789725901233.707,1789725901233.083,1789725901233.707,1789725901233.083,-0.439,0.184,-0.488,0.135,20810,10546
44393.593,667,1789725901299.908,662,1789725901299.858,1789725901298.810,1789725901302.322,1789725901298.810,1789725901302.322,1.098,-2.414,1.048,-2.464,20836,10560
44460.153,668,1789725901366.545,663,1789725901366.496,1789725901366.417,1789725901366.614,1789725901366.417,1789725901366.614,0.128,-0.068,0.079,-0.117,20863,10573
44527.095,669,1789725901433.182,664,1789725901433.133,1789725901434.022,1789725901430.900,1789725901434.022,1789725901430.900,-0.840,2.281,-0.889,2.232,20890,10587
44593.292,670,1789725901499.817,665,1789725901499.768,1789725901499.121,1789725901500.136,1789725901499.121,1789725901500.136,0.696,-0.319,0.647,-0.368,20916,10600
44659.919,671,1789725901566.450,666,1789725901566.401,1789725901566.724,1789725901564.426,1789725901566.724,1789725901564.426,-0.274,2.024,-0.323,1.975,20943,10614
44727.023,672,1789725901633.083,667,1789725901633.034,1789725901634.325,1789725901633.657,1789725901631.822,1789725901633.657,-1.243,-0.574,1.212,-0.624,20969,10627
44793.678,673,1789725901699.714,668,1789725901699.665,1789725901699.422,1789725901697.941,1789725901699.422,1789725901697.941,0.291,1.772,0.242,1.724,20996,10641
44861.984,674,1789725901766.344,669,1789725901766.294,1789725901767.021,1789725901767.166,1789725901767.021,1789725901767.166,-0.677,-0.822,-0.726,-0.871,21023,10655
44927.376,675,1789725901832.973,670,1789725901832.923,1789725901832.115,1789725901831.443,1789725901832.115,1789725901831.443,0.858,1.530,0.808,1.480,21049,10668
44994.299,676,1789725901899.600,671,1789725901899.551,1789725901899.711,1789725901900.663,1789725901899.711,1789725901900.663,-0.111,-1.063,-0.160,-1.112,21076,10681
45061.503,677,1789725901966.227,672,1789725901966.177,1789725901967.306,1789725901964.942,1789725901967.306,1789725901964.942,-1.079,1.285,-1.128,1.236,21103,10695
45141.259,678,1789725902032.876,672,1789725901966.177,1789725902032.396,1789725902034.167,1789725901967.306,1789725901964.942,0.479,-1.291,-1.128,1.236,21135,10711
45196.491,679,1789725902099.524,674,1789725902099.475,1789725902100.018,1789725902098.477,1789725902100.018,1789725902098.477,-0.494,1.047,-0.543,0.998,21157,10722
45261.238,680,1789725902166.171,675,1789725902166.122,1789725902165.123,1789725902167.721,1789725902165.123,1789725902167.721,1.048,-1.550,0.999,-1.599,21182,10735
45328.787,681,1789725902232.816,676,1789725902232.767,1789725902232.729,1789725902232.013,1789725902232.729,1789725902232.013,0.087,0.803,0.038,0.754,21210,10749
45394.913,682,1789725902299.460,677,1789725902299.412,1789725902300.335,1789725902301.249,1789725902300.335,1789725902301.249,-0.875,-1.788,-0.924,-1.837,21236,10762
45455.845,683,1789725902366.104,678,1789725902366.054,1789725902365.435,1789725902365.539,1789725902365.435,1789725902365.539,0.669,0.565,0.619,0.515,21260,10775
45528.360,684,1789725902432.746,679,1789725902432.697,1789725902433.039,1789725902434.774,1789725902433.039,1789725902434.774,-0.293,-2.028,-0.342,-2.077,21289,10789
45595.151,685,1789725902499.387,680,1789725902499.338,1789725902498.136,1789725902499.061,1789725902498.136,1789725902499.061,1.250,0.325,1.201,0.276,21316,10803
45661.865,686,1789725902566.026,681,1789725902565.977,1789725902565.738,1789725902568.294,1789725902565.738,1789725902568.294,0.288,-2.269,0.239,-2.318,21342,10816
45728.037,687,1789725902632.664,682,1789725902632.615,1789725902633.336,1789725902632.581,1789725902633.336,1789725902632.581,-0.673,0.082,-0.722,0.033,21369,10829
45795.876,688,1789725902699.300,683,1789725902699.251,1789725902698.431,1789725902696.872,1789725902698.431,1789725902696.872,0.869,2.428,0.820,2.379,21396,10843
45861.526,689,1789725902765.936,684,1789725902765.887,1789725902766.027,1789725902766.102,1789725902766.027,1789725902766.102,-0.092,-0.167,-0.140,-0.215,21422,10856
45926.196,690,1789725902832.570,685,1789725902832.521,1789725902833.622,1789725902830.387,1789725902833.622,1789725902830.387,-1.052,2.182,-1.101,2.134,21448,10869
45994.433,691,1789725902899.203,686,1789725902899.154,1789725902898.713,1789725902899.614,1789725902898.713,1789725902899.614,0.490,-0.410,0.441,-0.460,21475,10883
46061.709,692,1789725902965.836,687,1789725902965.787,1789725902966.305,1789725902963.893,1789725902966.305,1789725902963.893,-0.469,1.942,-0.519,1.893,21502,10897
46128.351,693,1789725903032.479,688,1789725903032.429,1789725903031.394,1789725903033.109,1789725903031.394,1789725903033.109,1.085,-0.631,1.036,-0.680,21529,10910
46194.756,694,1789725903099.120,689,1789725903099.071,1789725903099.006,1789725903097.404,1789725903099.006,1789725903097.404,0.114,1.716,0.065,1.667,21555,10924
46262.032,695,1789725903165.760,690,1789725903165.711,1789725903166.615,1789725903166.637,1789725903166.615,1789725903166.637,-0.854,-0.877,-0.903,-0.926,21582,10937
46328.500,696,1789725903232.399,691,1789725903232.350,1789725903231.717,1789725903230.925,1789725903231.717,1789725903230.925,0.682,1.474,0.633,1.425,21608,10951
46394.514,697,1789725903299.036,692,1789725903298.987,1789725903299.324,1789725903300.155,1789725903299.324,1789725903300.155,-0.288,-1.119,-0.337,-1.168,21635,10964
46461.611,698,1789725903365.672,693,1789725903365.623,1789725903364.424,1789725903364.439,1789725903364.424,1789725903364.439,1.248,1.233,1.199,1.184,21662,10978
46527.531,699,1789725903432.308,694,1789725903432.258,1789725903432.029,1789725903433.669,1789725903432.029,1789725903433.669,0.279,-1.361,0.229,-1.411,21688,10991
46597.890,700,1789725903498.941,695,1789725903498.892,1789725903499.631,1789725903497.957,1789725903499.631,1789725903497.957,-0.690,0.983,-0.739,0.935,21716,11005
46661.436,701,1789725903565.573,696,1789725903565.524,1789725903564.729,1789725903567.190,1789725903564.729,1789725903567.190,0.843,-1.617,0.794,-1.666,21741,11018
46728.539,702,1789725903632.203,697,1789725903632.154,1789725903632.330,1789725903631.470,1789725903632.330,1789725903631.470,-0.127,0.733,-0.176,0.684,21768,11032
46795.728,703,1789725903698.832,698,1789725903698.783,1789725903699.930,1789725903700.696,1789725903699.930,1789725903700.696,-1.098,-1.864,-1.147,-1.913,21795,11045
46862.511,704,1789725903765.460,699,1789725903765.411,1789725903765.024,1789725903764.979,1789725903765.024,1789725903764.979,0.435,0.480,0.386,0.431,21821,11059
46928.958,705,1789725903832.086,700,1789725903832.037,1789725903832.622,1789725903834.204,1789725903832.622,1789725903834.204,-0.536,-2.118,-0.585,-2.167,21848,11072
46996.290,706,1789725903898.711,701,1789725903898.662,1789725903897.715,1789725903898.482,1789725903897.715,1789725903898.482,0.996,0.229,0.948,0.180,21875,11086
47062.151,707,1789725903965.336,702,1789725903965.286,1789725903965.311,1789725903967.707,1789725903965.311,1789725903967.707,0.026,-2.371,-0.024,-2.421,21901,11099
47128.952,708,1789725904031.977,703,1789725904031.928,1789725904032.904,1789725904031.987,1789725904032.904,1789725904031.987,-0.927,-0.010,-0.976,-0.059,21928,11113
47195.978,709,1789725904098.616,704,1789725904098.567,1789725904098.008,1789725904096.274,1789725904098.008,1789725904096.274,0.608,2.343,0.560,2.294,21955,11126
47262.135,710,1789725904165.254,705,1789725904165.205,1789725904165.615,1789725904165.510,1789725904165.615,1789725904165.510,-0.361,-0.256,-0.409,-0.304,21981,11139
47328.489,711,1789725904231.891,706,1789725904231.842,1789725904230.717,1789725904229.801,1789725904230.717,1789725904229.801,1.174,2.090,1.125,2.041,22007,11153
47395.940,712,1789725904298.526,707,1789725904298.477,1789725904298.321,1789725904299.033,1789725904298.321,1789725904299.033,0.205,-0.508,0.156,-0.557,22034,11166
47461.897,713,1789725904365.159,708,1789725904365.111,1789725904365.924,1789725904363.321,1789725904365.924,1789725904363.321,-0.765,1.839,-0.814,1.790,22061,11180
47528.283,714,1789725904431.792,709,1789725904431.743,1789725904431.023,1789725904432.555,1789725904431.023,1789725904432.555,0.769,-0.764,0.720,-0.812,22087,11193
47596.844,715,1789725904498.424,710,1789725904498.374,1789725904498.624,1789725904496.840,1789725904498.624,1789725904496.840,-0.200,1.583,-0.250,1.534,22114,11207
47662.566,716,1789725904565.053,711,1789725904565.004,1789725904566.224,1789725904566.068,1789725904566.224,1789725904566.068,-1.171,-1.015,-1.220,-1.064,22140,11220
47729.090,717,1789725904631.681,712,1789725904631.632,1789725904631.319,1789725904630.348,1789725904631.319,1789725904630.348,0.362,1.334,0.313,1.285,22167,11234
47795.623,718,1789725904698.308,713,1789725904698.259,1789725904698.916,1789725904699.569,1789725904698.916,1789725904699.569,-0.608,-1.261,-0.657,-1.310,22194,11247
47863.820,719,1789725904764.933,714,1789725904764.884,1789725904764.009,1789725904763.848,1789725904764.009,1789725904763.848,0.924,1.085,0.875,1.036,22221,11261
47929.332,720,1789725904831.557,715,1789725904831.508,1789725904831.604,1789725904833.072,1789725904831.604,1789725904833.072,-0.046,-1.514,-0.095,-1.563,22247,11274
47996.707,721,1789725904898.180,716,1789725904898.131,1789725904899.197,1789725904897.345,1789725904899.197,1789725904897.345,-1.017,0.835,-1.066,0.786,22274,11288
48062.463,722,1789725904964.801,717,1789725904964.752,1789725904964.286,1789725904966.565,1789725904964.286,1789725904966.565,0.515,-1.763,0.466,-1.812,22300,11301
48129.575,723,1789725905031.446,718,1789725905031.396,1789725905031.876,1789725905030.840,1789725905031.876,1789725905030.840,-0.431,0.606,-0.480,0.556,22326,11314
48196.795,724,1789725905098.088,719,1789725905098.039,1789725905096.974,1789725905100.069,1789725905096.974,1789725905100.069,1.114,-1.981,1.065,-2.030,22354,11328
48263.101,725,1789725905164.729,720,1789725905164.680,1789725905164.581,1789725905164.359,1789725905164.581,1789725905164.359,0.148,0.370,0.099,0.321,22380,11342
48329.908,726,1789725905231.368,721,1789725905231.319,1789725905232.185,1789725905233.591,1789725905232.185,1789725905233.591,-0.817,-2.223,-0.865,-2.272,22407,11355
48397.098,727,1789725905298.006,722,1789725905297.957,1789725905297.284,1789725905297.875,1789725905297.284,1789725905297.875,0.722,0.132,0.673,0.083,22434,11369
48464.118,728,1789725905364.643,723,1789725905364.594,1789725905364.886,1789725905367.107,1789725905364.886,1789725905362.162,-0.243,-2.464,-0.292,2.432,22460,11382
48529.890,729,1789725905431.278,724,1789725905431.229,1789725905432.486,1789725905431.390,1789725905429.983,1789725905431.390,-1.208,-0.111,1.246,-0.160,22487,11395
48596.261,730,1789725905497.912,725,1789725905497.863,1789725905497.582,1789725905495.674,1789725905497.582,1789725905495.674,0.330,2.239,0.281,2.190,22513,11409
48663.776,731,1789725905564.546,726,1789725905564.496,1789725905565.181,1789725905564.900,1789725905565.181,1789725905564.900,-0.635,-0.354,-0.685,-0.404,22540,11423
48730.191,732,1789725905631.177,727,1789725905631.128,1789725905630.273,1789725905629.177,1789725905630.273,1789725905629.177,0.904,2.000,0.854,1.951,22566,11436
48796.698,733,1789725905697.807,728,1789725905697.758,1789725905697.869,1789725905698.398,1789725905697.869,1789725905698.398,-0.063,-0.591,-0.112,-0.640,22593,11449
48864.169,734,1789725905764.435,729,1789725905764.386,1789725905765.463,1789725905762.677,1789725905765.463,1789725905762.677,-1.028,1.758,-1.077,1.709,22620,11463
48931.234,735,1789725905831.062,730,1789725905831.013,1789725905830.552,1789725905831.900,1789725905830.552,1789725905831.900,0.510,-0.838,0.461,-0.887,22647,11477
48997.021,736,1789725905897.688,731,1789725905897.639,1789725905898.144,1789725905896.177,1789725905898.144,1789725905896.177,-0.456,1.511,-0.505,1.462,22673,11490
49058.646,737,1789725905964.313,732,1789725905964.264,1789725905963.231,1789725905965.398,1789725905963.231,1789725905965.398,1.082,-1.085,1.032,-1.135,22698,11502
49129.356,738,1789725906030.951,733,1789725906030.902,1789725906030.820,1789725906029.672,1789725906030.820,1789725906029.672,0.131,1.279,0.083,1.230,22726,11517
49196.899,739,1789725906097.589,734,1789725906097.539,1789725906098.409,1789725906098.890,1789725906098.409,1789725906098.890,-0.820,-1.301,-0.870,-1.351,22753,11530
49264.630,740,1789725906164.225,735,1789725906164.176,1789725906163.201,1789725906162.877,1789725906163.201,1789725906162.877,1.024,1.348,0.975,1.299,22780,11544
49330.365,741,1789725906230.859,736,1789725906230.810,1789725906230.484,1789725906231.788,1789725906230.484,1789725906231.788,0.375,-0.929,0.326,-0.978,22806,11557
49396.849,742,1789725906297.491,737,1789725906297.442,1789725906297.764,1789725906295.773,1789725906297.764,1789725906295.773,-0.273,1.718,-0.322,1.669,22832,11571
49463.385,743,1789725906364.123,738,1789725906364.074,1789725906365.043,1789725906364.677,1789725906365.043,1789725906364.677,-0.921,-0.555,-0.969,-0.604,22859,11584
49531.341,744,1789725906430.752,739,1789725906430.703,1789725906429.828,1789725906428.662,1789725906429.828,1789725906428.662,0.925,2.091,0.876,2.042,22886,11598
49596.646,745,1789725906497.381,740,1789725906497.332,1789725906497.103,1789725906497.571,1789725906497.103,1789725906497.571,0.278,-0.190,0.229,-0.239,22912,11611
49663.810,746,1789725906564.008,741,1789725906563.959,1789725906564.375,1789725906561.555,1789725906564.375,1789725906561.555,-0.368,2.453,-0.417,2.404,22939,11624
49731.245,747,1789725906630.634,742,1789725906630.584,1789725906631.647,1789725906630.459,1789725906631.647,1789725906630.459,-1.013,0.175,-1.063,0.125,22966,11638
49797.322,748,1789725906697.258,743,1789725906697.209,1789725906696.424,1789725906699.357,1789725906696.424,1789725906699.357,0.834,-2.099,0.785,-2.148,22992,11651
49863.989,749,1789725906763.881,744,1789725906763.832,1789725906763.692,1789725906763.327,1789725906763.692,1789725906763.327,0.189,0.553,0.140,0.504,23019,11665
49931.824,750,1789725906830.502,745,1789725906830.453,1789725906830.957,1789725906832.213,1789725906830.957,1789725906832.213,-0.455,-1.711,-0.504,-1.760,23046,11679
49998.829,751,1789725906897.122,746,1789725906897.073,1789725906898.221,1789725906896.179,1789725906898.221,1789725906896.179,-1.100,0.943,-1.149,0.894,23073,11692
50066.400,752,1789725906963.741,747,1789725906963.691,1789725906962.991,1789725906965.060,1789725906962.991,1789725906965.060,0.750,-1.320,0.700,-1.369,23100,11706
50132.991,753,1789725907030.822,748,1789725907030.772,1789725907030.252,1789725907029.022,1789725907030.252,1789725907029.022,0.570,1.799,0.521,1.750,23126,11719
50192.805,754,1789725907097.912,749,1789725907097.863,1789725907097.537,1789725907097.928,1789725907097.537,1789725907097.928,0.375,-0.016,0.326,-0.065,23150,11731
50266.540,755,1789725907165.014,750,1789725907164.964,1789725907165.256,1789725907167.281,1789725907165.256,1789725907167.281,-0.242,-2.267,-0.293,-2.317,23179,11746
50332.479,756,1789725907232.125,751,1789725907232.075,1789725907232.989,1789725907231.698,1789725907232.989,1789725907231.698,-0.864,0.426,-0.913,0.377,23206,11760
50398.707,757,1789725907299.246,752,1789725907299.196,1789725907298.213,1789725907301.069,1789725907298.213,1789725907301.069,1.032,-1.824,0.983,-1.873,23232,11773
50464.882,758,1789725907366.376,753,1789725907366.327,1789725907365.946,1789725907365.487,1789725907365.946,1789725907365.487,0.430,0.890,0.381,0.841,23259,11786
50531.875,759,1789725907433.517,754,1789725907433.468,1789725907433.680,1789725907434.860,1789725907433.680,1789725907434.860,-0.163,-1.343,-0.212,-1.392,23285,11800
50598.618,760,1789725907500.668,755,1789725907500.619,1789725907501.414,1789725907499.279,1789725907501.414,1789725907499.279,-0.745,1.390,-0.794,1.340,23312,11813
50665.632,761,1789725907567.829,756,1789725907567.780,1789725907566.639,1789725907568.651,1789725907566.639,1789725907568.651,1.190,-0.822,1.141,-0.871,23339,11827
50732.499,762,1789725907635.000,757,1789725907634.951,1789725907634.373,1789725907633.067,1789725907634.373,1789725907633.067,0.627,1.933,0.578,1.884,23365,11840
50798.691,763,1789725907702.183,758,1789725907702.132,1789725907702.109,1789725907702.437,1789725907702.109,1789725907702.437,0.074,-0.254,0.023,-0.305,23392,11854
50860.558,764,1789725907769.374,759,1789725907769.324,1789725907769.843,1789725907771.811,1789725907769.843,1789725907766.855,-0.470,-2.437,-0.519,2.469,23416,11866
50932.490,765,1789725907836.575,760,1789725907836.525,1789725907837.579,1789725907836.228,1789725907837.579,1789725907836.228,-1.005,0.346,-1.054,0.297,23445,11881
50999.121,766,1789725907903.786,761,1789725907903.737,1789725907902.807,1789725907905.601,1789725907902.807,1789725907905.601,0.979,-1.815,0.930,-1.864,23472,11894
51066.023,767,1789725907971.000,762,1789725907970.951,1789725907970.542,1789725907970.019,1789725907970.542,1789725907970.019,0.458,0.981,0.409,0.932,23498,11908
51132.429,768,1789725908037.719,763,1789725908037.670,1789725908038.278,1789725908039.399,1789725908038.278,1789725908039.399,-0.559,-1.680,-0.608,-1.729,23525,11921
51213.122,769,1789725908104.437,763,1789725908037.670,1789725908103.506,1789725908103.822,1789725908038.278,1789725908039.399,0.931,0.615,-0.608,-1.729,23557,11937
51265.623,770,1789725908171.156,765,1789725908171.106,1789725908171.506,1789725908173.477,1789725908171.506,1789725908173.477,-0.350,-2.321,-0.399,-2.370,23578,11948
51332.426,771,1789725908237.875,766,1789725908237.825,1789725908237.148,1789725908238.306,1789725908237.148,1789725908238.306,0.727,-0.431,0.677,-0.481,23605,11961
51398.821,772,1789725908304.593,767,1789725908304.544,1789725908305.326,1789725908303.147,1789725908305.326,1789725908303.147,-0.733,1.446,-0.782,1.397,23631,11975
51461.211,773,1789725908371.312,768,1789725908371.263,1789725908370.989,1789725908372.986,1789725908370.989,1789725908372.986,0.323,-1.674,0.274,-1.723,23656,11988
51526.085,774,1789725908438.030,769,1789725908437.981,1789725908439.190,1789725908437.848,1789725908439.190,1789725908437.848,-1.160,0.182,-1.209,0.133,23682,12001
51599.837,775,1789725908504.748,770,1789725908504.699,1789725908504.875,1789725908502.715,1789725908504.875,1789725908502.715,-0.126,2.034,-0.175,1.985,23711,12015
51665.542,776,1789725908571.467,771,1789725908571.418,1789725908570.571,1789725908572.589,1789725908570.571,1789725908572.589,0.896,-1.122,0.847,-1.171,23738,12029
51731.547,777,1789725908638.185,772,1789725908638.136,1789725908638.805,1789725908637.481,1789725908638.805,1789725908637.481,-0.621,0.703,-0.669,0.655,23764,12042
51799.206,778,1789725908704.903,773,1789725908704.854,1789725908704.522,1789725908707.377,1789725908704.522,1789725908702.385,0.381,-2.474,0.332,2.470,23791,12056
51865.951,779,1789725908771.622,774,1789725908771.572,1789725908772.780,1789725908772.289,1789725908772.780,1789725908772.289,-1.157,-0.667,-1.207,-0.717,23818,12069
51933.172,780,1789725908838.341,775,1789725908838.292,1789725908838.518,1789725908837.210,1789725908838.518,1789725908837.210,-0.178,1.131,-0.227,1.082,23844,12083
51999.347,781,1789725908905.059,776,1789725908905.010,1789725908904.269,1789725908907.136,1789725908904.269,1789725908907.136,0.790,-2.077,0.741,-2.126,23871,12096
52066.864,782,1789725908971.777,777,1789725908971.728,1789725908972.559,1789725908972.076,1789725908972.559,1789725908972.076,-0.782,-0.299,-0.831,-0.348,23897,12110
52132.770,783,1789725909038.499,778,1789725909038.450,1789725909038.331,1789725909037.030,1789725909038.331,1789725909037.030,0.169,1.469,0.120,1.420,23924,12123
52199.038,784,1789725909105.221,779,1789725909105.173,1789725909104.114,1789725909106.994,1789725909104.114,1789725909106.994,1.108,-1.773,1.059,-1.822,23950,12137
52266.720,785,1789725909171.944,780,1789725909171.895,1789725909172.097,1789725909171.632,1789725909172.097,1789725909171.632,-0.153,0.312,-0.202,0.263,23977,12150
52332.564,786,1789725909238.667,781,1789725909238.618,1789725909239.874,1789725909241.047,1789725909237.364,1789725909241.047,-1.207,-2.380,1.254,-2.429,24004,12163
52399.996,787,1789725909305.390,782,1789725909305.340,1789725909305.143,1789725909305.504,1789725909305.143,1789725909305.504,0.248,-0.114,0.198,-0.164,24030,12177
52466.221,788,1789725909372.113,783,1789725909372.064,1789725909372.922,1789725909369.961,1789725909372.922,1789725909369.961,-0.809,2.153,-0.858,2.104,24057,12190
52530.874,789,1789725909438.836,784,1789725909438.787,1789725909438.193,1789725909439.374,1789725909438.193,1789725909439.374,0.644,-0.538,0.594,-0.587,24083,12204
52594.853,790,1789725909505.559,785,1789725909505.510,1789725909505.974,1789725909503.833,1789725909505.974,1789725909503.833,-0.415,1.727,-0.464,1.677,24108,12217
52660.709,791,1789725909572.282,786,1789725909572.233,1789725909571.247,1789725909573.251,1789725909571.247,1789725909573.251,1.036,-0.969,0.987,-1.018,24135,12230
52732.782,792,1789725909639.006,787,1789725909638.957,1789725909639.031,1789725909637.709,1789725909639.031,1789725909637.709,-0.025,1.297,-0.074,1.248,24163,12244
52800.517,793,1789725909705.729,788,1789725909705.680,1789725909706.815,1789725909707.124,1789725909706.815,1789725909707.124,-1.086,-1.395,-1.135,-1.444,24190,12258
52866.348,794,1789725909772.453,789,1789725909772.404,1789725909772.091,1789725909771.586,1789725909772.091,1789725909771.586,0.361,0.866,0.312,0.817,24216,12271
52933.418,795,1789725909839.177,790,1789725909839.127,1789725909839.879,1789725909841.010,1789725909839.879,1789725909841.010,-0.702,-1.832,-0.751,-1.882,24243,12285
53000.217,796,1789725909905.901,791,1789725909905.852,1789725909905.156,1789725909905.473,1789725909905.156,1789725909905.473,0.745,0.428,0.696,0.379,24270,12298
53068.377,797,1789725909972.625,792,1789725909972.576,1789725909972.944,1789725909974.898,1789725909972.944,1789725909974.898,-0.319,-2.273,-0.368,-2.323,24297,12312
53133.493,798,1789725910039.341,793,1789725910039.292,1789725910038.224,1789725910039.367,1789725910038.224,1789725910039.367,1.117,-0.026,1.068,-0.075,24323,12325
53200.649,799,1789725910106.058,794,1789725910106.009,1789725910106.016,1789725910103.834,1789725910106.016,1789725910103.834,0.042,2.223,-0.008,2.174,24350,12339
53267.304,800,1789725910172.774,795,1789725910172.725,1789725910173.786,1789725910173.245,1789725910173.786,1789725910173.245,-1.012,-0.471,-1.061,-0.520,24377,12352
53334.473,801,1789725910239.490,796,1789725910239.441,1789725910239.043,1789725910237.688,1789725910239.043,1789725910237.688,0.447,1.802,0.398,1.753,24403,12366
53400.141,802,1789725910306.206,797,1789725910306.157,1789725910306.810,1789725910307.089,1789725910306.810,1789725910307.089,-0.603,-0.883,-0.652,-0.932,24430,12379
53467.326,803,1789725910372.923,798,1789725910372.873,1789725910372.068,1789725910371.531,1789725910372.068,1789725910371.531,0.855,1.392,0.805,1.342,24456,12393
53533.996,804,1789725910439.639,799,1789725910439.590,1789725910439.837,1789725910440.938,1789725910439.837,1789725910440.938,-0.198,-1.298,-0.247,-1.347,24483,12406
53600.438,805,1789725910506.355,800,1789725910506.306,1789725910507.606,1789725910505.390,1789725910505.096,1789725910505.390,-1.251,0.966,1.210,0.917,24510,12420
53667.245,806,1789725910573.071,801,1789725910573.022,1789725910572.867,1789725910574.797,1789725910572.867,1789725910574.797,0.204,-1.726,0.155,-1.775,24536,12433
53734.229,807,1789725910639.787,802,1789725910639.738,1789725910640.639,1789725910639.248,1789725910640.639,1789725910639.248,-0.852,0.540,-0.901,0.491,24563,12447
53800.588,808,1789725910706.503,803,1789725910706.454,1789725910705.901,1789725910708.649,1789725910705.901,1789725910708.649,0.602,-2.146,0.553,-2.195,24589,12460
53867.428,809,1789725910773.219,804,1789725910773.170,1789725910773.675,1789725910773.098,1789725910773.675,1789725910773.098,-0.456,0.121,-0.505,0.072,24616,12474
53934.938,810,1789725910839.935,805,1789725910839.885,1789725910838.938,1789725910837.551,1789725910838.938,1789725910837.551,0.997,2.384,0.948,2.335,24643,12487
54001.325,811,1789725910906.651,806,1789725910906.601,1789725910906.713,1789725910906.963,1789725910906.713,1789725910906.963,-0.062,-0.312,-0.112,-0.362,24669,12501
54067.506,812,1789725910973.367,807,1789725910973.318,1789725910974.489,1789725910971.415,1789725910974.489,1789725910971.415,-1.123,1.952,-1.171,1.903,24696,12514
54134.524,813,1789725911040.081,808,1789725911040.032,1789725911039.755,1789725911040.820,1789725911039.755,1789725911040.820,0.326,-0.739,0.277,-0.788,24723,12527
54196.070,814,1789725911106.795,809,1789725911106.746,1789725911107.533,1789725911105.273,1789725911107.533,1789725911105.273,-0.738,1.522,-0.786,1.474,24747,12540
54266.929,815,1789725911173.509,810,1789725911173.460,1789725911172.789,1789725911174.675,1789725911172.789,1789725911174.675,0.720,-1.166,0.671,-1.215,24775,12554
54329.827,816,1789725911240.223,811,1789725911240.174,1789725911240.536,1789725911239.102,1789725911240.536,1789725911239.102,-0.313,1.122,-0.362,1.073,24801,12567
54395.592,817,1789725911306.937,812,1789725911306.888,1789725911305.775,1789725911308.483,1789725911305.775,1789725911308.483,1.162,-1.546,1.113,-1.594,24827,12580
54464.667,818,1789725911373.651,813,1789725911373.602,1789725911373.523,1789725911372.911,1789725911373.523,1789725911372.911,0.127,0.740,0.078,0.691,24854,12594
54535.154,819,1789725911440.365,814,1789725911440.315,1789725911441.273,1789725911442.298,1789725911441.273,1789725911442.298,-0.908,-1.933,-0.958,-1.983,24882,12608
54600.718,820,1789725911507.079,815,1789725911507.030,1789725911506.514,1789725911506.731,1789725911506.514,1789725911506.731,0.565,0.348,0.516,0.299,24909,12622
54669.051,821,1789725911573.792,816,1789725911573.744,1789725911574.264,1789725911576.121,1789725911574.264,1789725911576.121,-0.472,-2.329,-0.521,-2.378,24936,12636
54735.126,822,1789725911640.506,817,1789725911640.457,1789725911639.507,1789725911640.558,1789725911639.507,1789725911640.558,0.999,-0.052,0.950,-0.101,24962,12649
54802.868,823,1789725911707.219,818,1789725911707.170,1789725911707.258,1789725911704.990,1789725911707.258,1789725911704.990,-0.039,2.229,-0.088,2.180,24989,12662
54869.763,824,1789725911773.932,819,1789725911773.884,1789725911775.011,1789725911774.379,1789725911775.011,1789725911774.379,-1.079,-0.446,-1.128,-0.495,25016,12676
54936.125,825,1789725911840.646,820,1789725911840.596,1789725911840.256,1789725911838.811,1789725911840.256,1789725911838.811,0.390,1.834,0.341,1.785,25042,12689
55002.178,826,1789725911907.359,821,1789725911907.310,1789725911908.009,1789725911908.199,1789725911908.009,1789725911908.199,-0.650,-0.841,-0.699,-0.890,25069,12703
55067.313,827,1789725911974.073,822,1789725911974.022,1789725911973.255,1789725911972.631,1789725911973.255,1789725911972.631,0.818,1.442,0.768,1.392,25095,12716
55131.266,828,1789725912040.793,823,1789725912040.744,1789725912041.009,1789725912042.021,1789725912041.009,1789725912042.021,-0.217,-1.229,-0.266,-1.278,25120,12729
55205.533,829,1789725912107.513,824,1789725912107.464,1789725912108.766,1789725912106.452,1789725912106.256,1789725912106.452,-1.253,1.061,1.208,1.011,25150,12744
55269.234,830,1789725912174.233,825,1789725912174.184,1789725912174.013,1789725912175.842,1789725912174.013,1789725912175.842,0.220,-1.609,0.171,-1.658,25175,12757
55336.965,831,1789725912240.953,826,1789725912240.904,1789725912241.753,1789725912240.263,1789725912241.753,1789725912240.263,-0.800,0.690,-0.849,0.641,25202,12770
55402.543,832,1789725912307.673,827,1789725912307.624,1789725912306.991,1789725912309.641,1789725912306.991,1789725912309.641,0.682,-1.968,0.633,-2.017,25229,12784
55469.535,833,1789725912374.393,828,1789725912374.344,1789725912374.739,1789725912374.067,1789725912374.739,1789725912374.067,-0.345,0.326,-0.395,0.277,25255,12797
55536.585,834,1789725912441.113,829,1789725912441.064,1789725912439.979,1789725912443.451,1789725912439.979,1789725912443.451,1.135,-2.338,1.086,-2.387,25282,12811
55606.016,835,1789725912507.834,830,1789725912507.784,1789725912507.728,1789725912507.875,1789725912507.728,1789725912507.875,0.106,-0.041,0.056,-0.091,25308,12824
55663.217,836,1789725912574.554,831,1789725912574.505,1789725912575.479,1789725912572.301,1789725912575.479,1789725912572.301,-0.925,2.254,-0.974,2.205,25332,12836
55734.608,837,1789725912641.274,832,1789725912641.225,1789725912640.719,1789725912641.680,1789725912640.719,1789725912641.680,0.555,-0.406,0.506,-0.455,25361,12851
55803.377,838,1789725912707.994,833,1789725912707.945,1789725912708.471,1789725912706.106,1789725912708.471,1789725912706.106,-0.477,1.888,-0.526,1.839,25388,12865
55869.201,839,1789725912774.714,834,1789725912774.665,1789725912773.713,1789725912775.491,1789725912773.713,1789725912775.491,1.001,-0.777,0.952,-0.826,25415,12878
55935.357,840,1789725912841.434,835,1789725912841.385,1789725912841.467,1789725912839.921,1789725912841.467,1789725912839.921,-0.032,1.513,-0.081,1.464,25441,12891
56002.082,841,1789725912908.154,836,1789725912908.105,1789725912909.219,1789725912909.306,1789725912909.219,1789725912909.306,-1.065,-1.152,-1.114,-1.201,25468,12905
56069.282,842,1789725912974.874,837,1789725912974.825,1789725912974.464,1789725912973.740,1789725912974.464,1789725912973.740,0.410,1.135,0.361,1.086,25494,12918
56135.780,843,1789725913041.594,838,1789725913041.544,1789725913042.219,1789725913043.131,1789725913042.219,1789725913043.131,-0.625,-1.537,-0.675,-1.587,25521,12932
56201.973,844,1789725913108.314,839,1789725913108.265,1789725913107.464,1789725913107.565,1789725913107.464,1789725913107.565,0.849,0.749,0.801,0.700,25547,12945
56268.876,845,1789725913175.033,840,1789725913174.984,1789725913175.221,1789725913176.955,1789725913175.221,1789725913176.955,-0.188,-1.922,-0.237,-1.971,25574,12959
56335.639,846,1789725913241.752,841,1789725913241.703,1789725913242.958,1789725913241.370,1789725913240.449,1789725913241.370,-1.206,0.382,1.254,0.333,25601,12972
56402.898,847,1789725913308.471,842,1789725913308.423,1789725913308.182,1789725913310.738,1789725913308.182,1789725913310.738,0.290,-2.266,0.241,-2.315,25628,12986
56469.849,848,1789725913375.191,843,1789725913375.142,1789725913375.916,1789725913375.151,1789725913375.916,1789725913375.151,-0.725,0.040,-0.774,-0.010,25654,12999
56535.982,849,1789725913441.910,844,1789725913441.861,1789725913441.141,1789725913439.569,1789725913441.141,1789725913439.569,0.769,2.341,0.720,2.292,25680,13013
56602.975,850,1789725913508.629,845,1789725913508.580,1789725913508.874,1789725913508.940,1789725913508.874,1789725913508.940,-0.245,-0.312,-0.294,-0.360,25707,13026
56668.970,851,1789725913575.349,846,1789725913575.299,1789725913574.100,1789725913573.358,1789725913574.100,1789725913573.358,1.249,1.991,1.199,1.941,25734,13039
56737.220,852,1789725913642.068,847,1789725913642.019,1789725913641.835,1789725913642.733,1789725913641.835,1789725913642.733,0.233,-0.665,0.184,-0.714,25761,13053
56803.322,853,1789725913708.787,848,1789725913708.738,1789725913709.570,1789725913707.155,1789725913709.570,1789725913707.155,-0.783,1.632,-0.832,1.583,25787,13067
56869.855,854,1789725913775.506,849,1789725913775.457,1789725913774.797,1789725913776.526,1789725913774.797,1789725913776.526,0.709,-1.020,0.661,-1.069,25814,13080
56936.125,855,1789725913842.225,850,1789725913842.176,1789725913842.531,1789725913840.940,1789725913842.531,1789725913840.940,-0.306,1.285,-0.355,1.236,25840,13093
57004.302,856,1789725913908.944,851,1789725913908.895,1789725913907.759,1789725913910.309,1789725913907.759,1789725913910.309,1.185,-1.365,1.136,-1.414,25867,13107
57069.523,857,1789725913975.663,852,1789725913975.614,1789725913975.496,1789725913974.723,1789725913975.496,1789725913974.723,0.167,0.940,0.118,0.891,25894,13120
57134.926,858,1789725914042.386,853,1789725914042.337,1789725914043.232,1789725914044.094,1789725914043.232,1789725914044.094,-0.845,-1.708,-0.894,-1.757,25919,13134
57204.184,859,1789725914109.111,854,1789725914109.061,1789725914108.460,1789725914108.512,1789725914108.460,1789725914108.512,0.651,0.599,0.601,0.549,25947,13148
57269.579,860,1789725914175.834,855,1789725914175.785,1789725914176.198,1789725914177.886,1789725914176.198,1789725914177.886,-0.364,-2.052,-0.413,-2.101,25973,13161
57336.383,861,1789725914242.558,856,1789725914242.509,1789725914241.418,1789725914242.295,1789725914241.418,1789725914242.295,1.140,0.262,1.091,0.214,26000,13174
57403.396,862,1789725914309.282,857,1789725914309.233,1789725914309.137,1789725914311.654,1789725914309.137,1789725914311.654,0.145,-2.372,0.095,-2.421,26026,13188
57468.024,863,1789725914376.006,858,1789725914375.957,1789725914376.857,1789725914376.055,1789725914376.857,1789725914376.055,-0.851,-0.050,-0.900,-0.099,26052,13201
57536.734,864,1789725914442.730,859,1789725914442.681,1789725914442.067,1789725914440.454,1789725914442.067,1789725914440.454,0.663,2.275,0.614,2.226,26080,13215
57602.847,865,1789725914509.454,860,1789725914509.405,1789725914509.787,1789725914509.810,1789725914509.787,1789725914509.810,-0.333,-0.356,-0.382,-0.405,26106,13228
57669.582,866,1789725914576.178,861,1789725914576.129,1789725914574.999,1789725914574.209,1789725914574.999,1789725914574.209,1.179,1.969,1.130,1.920,26133,13242
57736.910,867,1789725914642.904,862,1789725914642.854,1789725914642.718,1789725914643.562,1789725914642.718,1789725914643.562,0.186,-0.658,0.135,-0.708,26160,13255
57807.651,868,1789725914709.628,863,1789725914709.579,1789725914710.439,1789725914707.959,1789725914710.439,1789725914707.959,-0.811,1.669,-0.860,1.620,26188,13269
57870.429,869,1789725914776.353,864,1789725914776.304,1789725914775.651,1789725914777.314,1789725914775.651,1789725914777.314,0.702,-0.961,0.653,-1.010,26213,13282
57936.717,870,1789725914843.077,865,1789725914843.028,1789725914843.371,1789725914841.712,1789725914843.371,1789725914841.712,-0.293,1.365,-0.343,1.316,26239,13296
58004.249,871,1789725914909.802,866,1789725914909.753,1789725914908.583,1789725914911.064,1789725914908.583,1789725914911.064,1.219,-1.262,1.170,-1.311,26266,13309
58069.697,872,1789725914976.527,867,1789725914976.478,1789725914976.304,1789725914975.463,1789725914976.304,1789725914975.463,0.223,1.064,0.175,1.015,26292,13322
58135.648,873,1789725915043.242,868,1789725915043.193,1789725915044.025,1789725915044.820,1789725915044.025,1789725915044.820,-0.783,-1.578,-0.833,-1.627,26319,13336
58201.650,874,1789725915109.956,869,1789725915109.907,1789725915109.239,1789725915109.219,1789725915109.239,1789725915109.219,0.718,0.737,0.669,0.688,26345,13349
58270.646,875,1789725915176.671,870,1789725915176.622,1789725915176.960,1789725915178.574,1789725915176.960,1789725915178.574,-0.289,-1.903,-0.339,-1.953,26373,13363
58336.773,876,1789725915243.386,871,1789725915243.337,1789725915242.171,1789725915242.976,1789725915242.171,1789725915242.976,1.214,0.410,1.165,0.361,26399,13376
58404.014,877,1789725915310.100,872,1789725915310.051,1789725915309.880,1789725915312.319,1789725915309.880,1789725915312.319,0.220,-2.219,0.171,-2.268,26426,13390
58470.546,878,1789725915376.814,873,1789725915376.765,1789725915377.587,1789725915376.701,1789725915377.587,1789725915376.701,-0.773,0.113,-0.822,0.063,26452,13403
58539.134,879,1789725915443.528,874,1789725915443.479,1789725915442.787,1789725915441.084,1789725915442.787,1789725915441.084,0.741,2.444,0.692,2.395,26480,13417
58604.533,880,1789725915510.242,875,1789725915510.193,1789725915510.495,1789725915510.427,1789725915510.495,1789725915510.427,-0.253,-0.185,-0.302,-0.234,26506,13430
58675.207,881,1789725915576.956,876,1789725915576.907,1789725915578.203,1789725915574.815,1789725915575.695,1789725915574.815,-1.247,2.140,1.212,2.091,26532,13444
58737.599,882,1789725915643.669,877,1789725915643.620,1789725915643.401,1789725915644.154,1789725915643.401,1789725915644.154,0.268,-0.484,0.219,-0.533,26559,13457
58804.850,883,1789725915710.384,878,1789725915710.334,1789725915711.109,1789725915708.538,1789725915711.109,1789725915708.538,-0.725,1.846,-0.775,1.796,26586,13471
58870.970,884,1789725915777.098,879,1789725915777.049,1789725915776.309,1789725915777.877,1789725915776.309,1789725915777.877,0.789,-0.780,0.740,-0.829,26612,13484
58938.415,885,1789725915843.811,880,1789725915843.762,1789725915844.015,1789725915842.262,1789725915844.015,1789725915842.262,-0.204,1.549,-0.253,1.500,26639,13498
59000.243,886,1789725915910.524,881,1789725915910.476,1789725915911.723,1789725915911.598,1789725915911.723,1789725915911.598,-1.198,-1.073,-1.247,-1.122,26664,13510
59069.962,887,1789725915977.238,882,1789725915977.189,1789725915976.922,1789725915975.980,1789725915976.922,1789725915975.980,0.316,1.258,0.267,1.209,26692,13524
59137.955,888,1789725916043.953,883,1789725916043.904,1789725916044.628,1789725916045.320,1789725916044.628,1789725916045.320,-0.676,-1.367,-0.725,-1.416,26719,13538
59207.932,889,1789725916110.667,884,1789725916110.618,1789725916109.828,1789725916109.706,1789725916109.828,1789725916109.706,0.840,0.962,0.791,0.913,26746,13552
59270.223,890,1789725916177.382,885,1789725916177.333,1789725916177.534,1789725916179.047,1789725916177.534,1789725916179.047,-0.152,-1.666,-0.201,-1.715,26771,13565
59333.207,891,1789725916244.097,886,1789725916244.047,1789725916245.245,1789725916243.437,1789725916245.245,1789725916243.437,-1.147,0.660,-1.198,0.610,26797,13578
59405.221,892,1789725916310.812,887,1789725916310.762,1789725916310.430,1789725916312.763,1789725916310.430,1789725916312.763,0.381,-1.951,0.332,-2.000,26825,13592
59472.401,893,1789725916377.526,888,1789725916377.477,1789725916378.123,1789725916377.135,1789725916378.123,1789725916377.135,-0.597,0.391,-0.646,0.342,26852,13606
59539.173,894,1789725916444.240,889,1789725916444.191,1789725916443.308,1789725916446.457,1789725916443.308,1789725916446.457,0.932,-2.217,0.883,-2.266,26879,13619
59606.408,895,1789725916510.954,890,1789725916510.905,1789725916510.999,1789725916510.829,1789725916510.999,1789725916510.829,-0.045,0.125,-0.094,0.076,26906,13633
59672.538,896,1789725916577.668,891,1789725916577.619,1789725916578.691,1789725916575.200,1789725916578.691,1789725916575.200,-1.022,2.468,-1.072,2.419,26932,13646
59741.521,897,1789725916644.382,892,1789725916644.333,1789725916643.874,1789725916644.520,1789725916643.874,1789725916644.520,0.508,-0.138,0.459,-0.187,26959,13660
59806.097,898,1789725916711.096,893,1789725916711.047,1789725916711.564,1789725916708.888,1789725916711.564,1789725916708.888,-0.468,2.208,-0.517,2.159,26985,13673
59873.696,899,1789725916777.811,894,1789725916777.761,1789725916776.748,1789725916778.207,1789725916776.748,1789725916778.207,1.063,-0.396,1.013,-0.446,27012,13687
59938.342,900,1789725916844.525,895,1789725916844.476,1789725916844.437,1789725916842.578,1789725916844.437,1789725916842.578,0.088,1.947,0.039,1.898,27038,13700
